-- 
-- Structure for table `auditoria`
-- 

DROP TABLE IF EXISTS `auditoria`;
CREATE TABLE IF NOT EXISTS `auditoria` (
  `Id_Auditoria` int(11) NOT NULL AUTO_INCREMENT,
  `Fecha_Hora` timestamp NULL DEFAULT CURRENT_TIMESTAMP,
  `Fk_Id_Entidad` int(11) DEFAULT NULL COMMENT 'Id foráneo del usuario que realiza la acción',
  `Descripcion` varchar(300) CHARACTER SET utf8 COLLATE utf8_danish_ci DEFAULT NULL COMMENT 'Descripción de la acción realizada',
  `Fk_Id_Evento` int(11) DEFAULT NULL,
  `Fk_Id_Auditoria_Tipo` int(11) DEFAULT NULL COMMENT 'Id foráneo del tipo de acción',
  PRIMARY KEY (`Id_Auditoria`),
  KEY `Tipo de auditoria` (`Fk_Id_Auditoria_Tipo`)
) ENGINE=InnoDB AUTO_INCREMENT=894 DEFAULT CHARSET=utf8;

-- 
-- Data for table `auditoria`
-- 

INSERT INTO `auditoria` (`Id_Auditoria`, `Fecha_Hora`, `Fk_Id_Entidad`, `Descripcion`, `Fk_Id_Evento`, `Fk_Id_Auditoria_Tipo`) VALUES
  ('1', '2013-01-21 13:03:56', '1', 'Administrador Event Green se inscribe en la aplicación', NULL, '1'),
  ('2', '2013-01-21 13:17:37', NULL, 'El usuario admin intenta iniciar sesión', NULL, '3'),
  ('3', '2013-01-21 13:17:44', NULL, 'El usuario admin intenta iniciar sesión', NULL, '3'),
  ('4', '2013-01-21 13:18:50', NULL, 'El usuario admin intenta iniciar sesión', NULL, '3'),
  ('5', '2013-01-21 13:27:05', '2', 'Jose Luis Orozco Mejia se inscribe en la aplicación', NULL, '1'),
  ('6', '2013-01-21 13:30:49', '2', 'Crea el evento Lanzamiento Mensajero Digital', '1', '6'),
  ('7', '2013-01-21 13:47:23', '1', 'Cierra sesión', NULL, '5'),
  ('8', '2013-01-21 13:47:33', NULL, 'El usuario con documento número 1017177502 pide recordar su contraseña', NULL, '2'),
  ('9', '2013-01-21 13:48:20', NULL, 'El usuario admin intenta iniciar sesión', NULL, '3'),
  ('10', '2013-01-21 13:48:20', '1', 'Inicia sesión', NULL, '4'),
  ('11', '2013-01-21 13:51:17', '1', 'Crea el evento XIII Congreso Panamericano de Riesgos de Lavado de Activos y Financiación del Terrrorismo', '2', '6'),
  ('12', '2013-01-21 13:53:05', '1', 'Realizó impresión masiva de escarapelas', '2', '22'),
  ('13', '2013-01-21 13:53:58', '1', 'Cierra sesión', NULL, '5'),
  ('14', '2013-01-21 13:54:06', NULL, 'El usuario admin intenta iniciar sesión', NULL, '3'),
  ('15', '2013-01-21 13:54:06', '1', 'Inicia sesión', NULL, '4'),
  ('16', '2013-01-21 13:56:21', '1', 'Se ha registrado al evento', '1', '9'),
  ('17', '2013-01-21 13:57:07', '1', 'Ha finalizado el evento', '2', '16'),
  ('18', '2013-01-21 13:57:12', '1', 'Ha abierto el evento', '2', '17'),
  ('19', '2013-01-21 13:57:14', '1', 'Ha finalizado el evento', '2', '16'),
  ('20', '2013-01-21 13:57:15', '1', 'Ha abierto el evento', '2', '17'),
  ('21', '2013-01-21 14:01:34', '1', 'Se ha registrado al evento', '2', '9'),
  ('22', '2013-01-21 14:01:46', '1', 'Realizó impresión individual de escarapelas', '2', '23'),
  ('23', '2013-01-21 14:04:12', '1', 'Cierra sesión', NULL, '5'),
  ('24', '2013-01-21 14:04:16', NULL, 'El usuario admin intenta iniciar sesión', NULL, '3'),
  ('25', '2013-01-21 14:04:16', '1', 'Inicia sesión', NULL, '4'),
  ('26', '2013-01-21 14:04:26', '1', 'Ha asistido al evento', '2', '13'),
  ('27', '2013-01-21 14:04:29', '1', 'Ha finalizado el evento', '2', '16'),
  ('28', '2013-01-21 14:04:33', '1', 'Realizó impresión individual de certificados', '2', '27'),
  ('29', '2013-01-21 14:07:12', NULL, 'El usuario admin intenta iniciar sesión', NULL, '3'),
  ('30', '2013-01-21 14:07:52', '1', 'Cierra sesión', NULL, '5'),
  ('31', '2013-01-21 14:08:00', NULL, 'El usuario admin intenta iniciar sesión', NULL, '3'),
  ('32', '2013-01-21 14:08:00', '1', 'Inicia sesión', NULL, '4'),
  ('33', '2013-01-21 14:08:12', NULL, 'El usuario admin intenta iniciar sesión', NULL, '3'),
  ('34', '2013-01-21 14:08:12', '1', 'Inicia sesión', NULL, '4'),
  ('35', '2013-01-21 14:08:16', NULL, 'El usuario admin intenta iniciar sesión', NULL, '3'),
  ('36', '2013-01-21 14:08:16', '1', 'Inicia sesión', NULL, '4'),
  ('37', '2013-01-21 14:09:31', '1', 'Realizó impresión masiva de escarapelas', '2', '22'),
  ('38', '2013-01-21 14:09:43', NULL, 'El usuario admin intenta iniciar sesión', NULL, '3'),
  ('39', '2013-01-21 14:09:47', NULL, 'El usuario admin intenta iniciar sesión', NULL, '3'),
  ('40', '2013-01-21 14:09:47', '1', 'Inicia sesión', NULL, '4'),
  ('41', '2013-01-21 14:23:44', '1', 'Crea el evento IV Congreso de Acceso a Servicios Financieros, Sistemas y Herramientas de Pago', '0', '6'),
  ('42', '2013-01-21 14:24:36', '1', 'No pudo crear el evento IV Congreso de Acceso a Servicios Financieros, Sistemas y Herramientas de Pago porque llegó al límite permitido', NULL, '20'),
  ('43', '2013-01-21 14:25:14', '1', 'Crea el evento IV Congreso de Acceso a Servicios Financieros, Sistemas y Herramientas de Pago', '0', '6'),
  ('44', '2013-01-21 14:26:51', '1', 'Crea el evento IV Congreso de Acceso a Servicios Financieros, Sistemas y Herramientas de Pago', '3', '6'),
  ('45', '2013-01-21 14:28:05', '1', 'Cierra sesión', NULL, '5'),
  ('46', '2013-01-21 14:28:12', NULL, 'El usuario con documento número 1017177502 pide recordar su contraseña', NULL, '2'),
  ('47', '2013-01-21 14:29:40', NULL, 'El usuario con documento número 1017177502 pide recordar su contraseña', NULL, '2'),
  ('48', '2013-01-21 14:29:52', NULL, 'El usuario con documento número 1017177502 pide recordar su contraseña', NULL, '2'),
  ('49', '2013-01-21 14:31:51', NULL, 'El usuario con documento número 10171775021 pide recordar su contraseña', NULL, '2'),
  ('50', '2013-01-21 14:32:14', NULL, 'El usuario con documento número 1017177502 pide recordar su contraseña', NULL, '2'),
  ('51', '2013-01-21 14:32:43', NULL, 'El usuario con documento número 1017177502 pide recordar su contraseña', NULL, '2'),
  ('52', '2013-01-21 14:37:43', NULL, 'El usuario con documento número 1017177502 pide recordar su contraseña', NULL, '2'),
  ('53', '2013-01-21 14:45:54', NULL, 'El usuario con documento número 1017177502 pide recordar su contraseña', NULL, '2'),
  ('54', '2013-01-21 14:52:16', NULL, 'El usuario con documento número 1017177502 pide recordar su contraseña', NULL, '2'),
  ('55', '2013-01-21 14:55:48', NULL, 'El usuario con documento número 1017177502 pide recordar su contraseña', NULL, '2'),
  ('56', '2013-01-21 14:56:11', NULL, 'El usuario con documento número 1017177502 pide recordar su contraseña', NULL, '2'),
  ('57', '2013-01-21 14:56:50', NULL, 'El usuario con documento número 1017177502 pide recordar su contraseña', NULL, '2'),
  ('58', '2013-01-21 14:58:28', NULL, 'El usuario admin intenta iniciar sesión', NULL, '3'),
  ('59', '2013-01-21 14:58:28', '1', 'Inicia sesión', NULL, '4'),
  ('60', '2013-01-21 14:58:45', '1', 'Cierra sesión', NULL, '5'),
  ('61', '2013-01-21 14:58:50', NULL, 'El usuario con documento número 1017177502 pide recordar su contraseña', NULL, '2'),
  ('62', '2013-01-21 14:59:52', NULL, 'El usuario con documento número 1017177502 pide recordar su contraseña', NULL, '2'),
  ('63', '2013-01-21 15:02:31', NULL, 'El usuario con documento número 1017177502 pide recordar su contraseña', NULL, '2'),
  ('64', '2013-01-21 15:05:19', NULL, 'El usuario con documento número 1017177502 pide recordar su contraseña', NULL, '2'),
  ('65', '2013-01-21 15:06:36', NULL, 'El usuario con documento número 1017177502 pide recordar su contraseña', NULL, '2'),
  ('66', '2013-01-21 15:07:32', NULL, 'El usuario con documento número 1017177502 pide recordar su contraseña', NULL, '2'),
  ('67', '2013-01-21 15:08:18', NULL, 'El usuario con documento número 1017177502 pide recordar su contraseña', NULL, '2'),
  ('68', '2013-01-21 15:08:38', NULL, 'El usuario con documento número 1017177502 pide recordar su contraseña', NULL, '2'),
  ('69', '2013-01-21 15:09:41', NULL, 'El usuario con documento número 1017177502 pide recordar su contraseña', NULL, '2'),
  ('70', '2013-01-21 15:10:15', NULL, 'El usuario con documento número 1017177502 pide recordar su contraseña', NULL, '2'),
  ('71', '2013-01-21 15:10:32', NULL, 'El usuario admin intenta iniciar sesión', NULL, '3'),
  ('72', '2013-01-21 15:10:32', '1', 'Inicia sesión', NULL, '4'),
  ('73', '2013-01-21 15:10:58', NULL, 'El usuario admin intenta iniciar sesión', NULL, '3'),
  ('74', '2013-01-21 15:10:58', '1', 'Inicia sesión', NULL, '4'),
  ('75', '2013-01-21 15:11:15', '1', 'Cierra sesión', NULL, '5'),
  ('76', '2013-01-21 15:31:25', NULL, 'El usuario admin intenta iniciar sesión', NULL, '3'),
  ('77', '2013-01-21 15:31:25', '1', 'Inicia sesión', NULL, '4'),
  ('78', '2013-01-21 15:31:38', '1', 'Ha abierto el evento', '2', '17'),
  ('79', '2013-01-21 15:31:41', '1', 'Ha sido desertado del evento', '2', '14'),
  ('80', '2013-01-21 15:31:42', '1', 'Ha sido reintegrado al evento', '2', '15'),
  ('81', '2013-01-21 15:36:06', '1', 'Imprimió certificado de muestra', NULL, '25'),
  ('82', '2013-01-21 15:36:20', '1', 'Ha cancelado su registro al evento', '1', '11'),
  ('83', '2013-01-21 15:36:22', '1', 'Se ha registrado nuevamente al evento', '1', '12'),
  ('84', '2013-01-21 15:37:22', '1', 'Cierra sesión', NULL, '5'),
  ('85', '2013-01-21 16:06:18', NULL, 'El usuario admin intenta iniciar sesión', NULL, '3'),
  ('86', '2013-01-21 16:06:18', '1', 'Inicia sesión', NULL, '4'),
  ('87', '2013-01-21 16:07:22', '1', 'Ha sido desertado del evento', '2', '14'),
  ('88', '2013-01-21 16:07:30', '1', 'Ha finalizado el evento', '2', '16'),
  ('89', '2013-01-21 16:09:33', '1', 'Ha cancelado su registro al evento', '1', '11'),
  ('90', '2013-01-21 16:11:20', '1', 'Crea el evento john', '4', '6'),
  ('91', '2013-01-21 16:12:06', '1', 'Realizó impresión masiva de escarapelas', '4', '22'),
  ('92', '2013-01-21 17:53:07', NULL, 'El usuario admin intenta iniciar sesión', NULL, '3'),
  ('93', '2013-01-21 17:53:07', '1', 'Inicia sesión', NULL, '4'),
  ('94', '2013-01-21 18:57:39', NULL, 'El usuario admin intenta iniciar sesión', NULL, '3'),
  ('95', '2013-01-21 18:57:39', '1', 'Inicia sesión', NULL, '4'),
  ('96', '2013-01-21 18:58:03', '1', 'Ha sido reintegrado al evento', '2', '15'),
  ('97', '2013-01-21 18:58:04', '1', 'Ha sido desertado del evento', '2', '14'),
  ('98', '2013-01-21 19:01:06', '1', 'Se ha registrado nuevamente al evento', '1', '12'),
  ('99', '2013-01-21 19:01:07', '1', 'Ha cancelado su registro al evento', '1', '11'),
  ('100', '2013-01-21 19:01:08', '1', 'Se ha registrado nuevamente al evento', '1', '12'),
  ('101', '2013-01-21 19:01:11', '1', 'Ha cancelado su registro al evento', '1', '11'),
  ('102', '2013-01-21 19:01:12', '1', 'Se ha registrado nuevamente al evento', '1', '12'),
  ('103', '2013-01-21 19:01:13', '1', 'Ha cancelado su registro al evento', '1', '11'),
  ('104', '2013-01-21 19:01:14', '1', 'Se ha registrado nuevamente al evento', '1', '12'),
  ('105', '2013-01-21 19:01:14', '1', 'Ha cancelado su registro al evento', '1', '11'),
  ('106', '2013-01-21 19:01:15', '1', 'Se ha registrado nuevamente al evento', '1', '12'),
  ('107', '2013-01-21 19:01:16', '1', 'Ha cancelado su registro al evento', '1', '11'),
  ('108', '2013-01-21 19:01:17', '1', 'Se ha registrado nuevamente al evento', '1', '12'),
  ('109', '2013-01-21 19:03:57', '1', 'Ha cancelado su registro al evento', '1', '11'),
  ('110', '2013-01-21 19:03:58', '1', 'Se ha registrado nuevamente al evento', '1', '12'),
  ('111', '2013-01-21 19:03:59', '1', 'Ha cancelado su registro al evento', '1', '11'),
  ('112', '2013-01-21 19:03:59', '1', 'Se ha registrado nuevamente al evento', '1', '12'),
  ('113', '2013-01-21 19:04:01', '1', 'Ha cancelado su registro al evento', '1', '11'),
  ('114', '2013-01-21 19:04:02', '1', 'Se ha registrado nuevamente al evento', '1', '12'),
  ('115', '2013-01-21 19:04:03', '1', 'Cierra sesión', NULL, '5'),
  ('116', '2013-01-21 19:04:08', NULL, 'El usuario admin intenta iniciar sesión', NULL, '3'),
  ('117', '2013-01-21 19:04:08', '1', 'Inicia sesión', NULL, '4'),
  ('118', '2013-01-21 19:04:22', '1', 'Ha abierto el evento', '2', '17'),
  ('119', '2013-01-21 19:06:38', '1', 'Ha cancelado su registro al evento', '1', '11'),
  ('120', '2013-01-21 19:06:39', '1', 'Se ha registrado nuevamente al evento', '1', '12'),
  ('121', '2013-01-21 19:07:02', '1', 'Ha cancelado su registro al evento', '1', '11'),
  ('122', '2013-01-21 19:07:07', '1', 'Se ha registrado nuevamente al evento', '1', '12'),
  ('123', '2013-01-21 19:07:39', '1', 'Imprimió una escarapela de muestra', NULL, '21'),
  ('124', '2013-01-21 19:07:44', '1', 'Imprimió certificado de muestra', NULL, '25'),
  ('125', '2013-01-21 19:07:47', '1', 'Cierra sesión', NULL, '5'),
  ('126', '2013-01-21 20:54:31', '3', 'anderson restrepo se inscribe en la aplicación', NULL, '1'),
  ('127', '2013-01-21 21:17:05', NULL, 'El usuario admin intenta iniciar sesión', NULL, '3'),
  ('128', '2013-01-21 21:17:05', '1', 'Inicia sesión', NULL, '4'),
  ('129', '2013-01-21 21:22:36', '3', 'Crea el evento culto misionero', '5', '6'),
  ('130', '2013-01-21 21:23:33', '3', 'Ha enviado 1 invitaciones al evento', '5', '10'),
  ('131', '2013-01-21 21:26:35', '3', 'Realizó impresión individual de escarapelas', '5', '23'),
  ('132', '2013-01-21 21:29:22', '3', 'Ha enviado 1 invitaciones al evento', '5', '10'),
  ('133', '2013-01-21 21:29:33', '3', 'Ha enviado 2 invitaciones al evento', '5', '10'),
  ('134', '2013-01-21 21:31:05', '1', 'Se ha registrado al evento', '5', '9'),
  ('135', '2013-01-21 21:32:48', '1', 'Ha enviado 1 invitaciones al evento', '3', '10'),
  ('136', '2013-01-21 21:32:58', '1', 'Ha enviado 2 invitaciones al evento', '3', '10'),
  ('137', '2013-01-21 21:44:44', '1', 'Cierra sesión', NULL, '5'),
  ('138', '2013-01-21 21:44:56', NULL, 'El usuario con documento número 1017177502 pide recordar su contraseña', NULL, '2'),
  ('139', '2013-01-21 21:46:28', NULL, 'El usuario con documento número 1017177502 pide recordar su contraseña', NULL, '2'),
  ('140', '2013-01-21 21:47:03', NULL, 'El usuario con documento número 1017177502 pide recordar su contraseña', NULL, '2'),
  ('141', '2013-01-21 21:51:18', NULL, 'El usuario con documento número 1017177502 pide recordar su contraseña', NULL, '2'),
  ('142', '2013-01-21 21:51:43', NULL, 'El usuario con documento número 1017177502 pide recordar su contraseña', NULL, '2'),
  ('143', '2013-01-21 21:52:08', NULL, 'El usuario admin intenta iniciar sesión', NULL, '3'),
  ('144', '2013-01-21 21:52:08', '1', 'Inicia sesión', NULL, '4'),
  ('145', '2013-01-21 21:52:48', '1', 'Ha enviado 1 invitaciones al evento', '2', '10'),
  ('146', '2013-01-21 21:53:03', '1', 'Ha enviado 2 invitaciones al evento', '2', '10'),
  ('147', '2013-01-21 21:55:16', '3', 'Cierra sesión', NULL, '5'),
  ('148', '2013-01-21 21:57:58', NULL, 'El usuario ander2204 intenta iniciar sesión', NULL, '3'),
  ('149', '2013-01-21 21:58:08', NULL, 'El usuario ander2204 intenta iniciar sesión', NULL, '3'),
  ('150', '2013-01-21 21:58:08', '3', 'Inicia sesión', NULL, '4'),
  ('151', '2013-01-21 21:58:39', '3', 'Se ha registrado al evento', '2', '9'),
  ('152', '2013-01-21 21:58:54', '3', 'Se ha registrado al evento', '3', '9'),
  ('153', '2013-01-21 21:58:59', '3', 'Se ha registrado al evento', '3', '9'),
  ('154', '2013-01-21 21:59:09', '3', 'Imprimió una escarapela de muestra', NULL, '21'),
  ('155', '2013-01-21 22:00:39', '3', 'Imprimió certificado de muestra', NULL, '25'),
  ('156', '2013-01-21 22:00:55', '3', 'Imprimió una escarapela de muestra', NULL, '21'),
  ('157', '2013-01-21 22:03:02', '3', 'Actualiza el evento culto misionero', '5', '7'),
  ('158', '2013-01-21 22:04:15', '3', 'Actualiza el evento culto misionero', '5', '7'),
  ('159', '2013-01-21 22:04:24', '3', 'Realizó impresión masiva de escarapelas', '5', '22'),
  ('160', '2013-01-21 22:04:25', '3', 'Realizó impresión masiva de escarapelas', '5', '22'),
  ('161', '2013-01-21 22:05:13', '3', 'Actualiza el evento culto misionero', '5', '7'),
  ('162', '2013-01-21 22:05:16', '3', 'Realizó impresión masiva de escarapelas', '5', '22'),
  ('163', '2013-01-21 22:05:17', '3', 'Realizó impresión masiva de escarapelas', '5', '22'),
  ('164', '2013-01-21 22:05:30', '3', 'Realizó impresión individual de escarapelas', '5', '23'),
  ('165', '2013-01-21 22:05:31', '3', 'Realizó impresión individual de escarapelas', '5', '23'),
  ('166', '2013-01-21 22:05:36', '3', 'Realizó impresión individual de escarapelas', '5', '23'),
  ('167', '2013-01-21 22:05:37', '3', 'Realizó impresión individual de escarapelas', '5', '23'),
  ('168', '2013-01-22 07:52:53', NULL, 'El usuario admin intenta iniciar sesión', NULL, '3'),
  ('169', '2013-01-22 07:52:53', '1', 'Inicia sesión', NULL, '4'),
  ('170', '2013-01-22 07:53:03', '1', 'Cierra sesión', NULL, '5'),
  ('171', '2013-01-22 09:49:38', NULL, 'El usuario admin intenta iniciar sesión', NULL, '3'),
  ('172', '2013-01-22 09:49:38', '1', 'Inicia sesión', NULL, '4'),
  ('173', '2013-01-22 09:49:44', '1', 'Ha cancelado su registro al evento', '1', '11'),
  ('174', '2013-01-22 09:49:55', '1', 'Cierra sesión', NULL, '5'),
  ('175', '2013-01-22 17:48:04', '4', 'Bernardo Morales Velez se inscribe en la aplicación', NULL, '1'),
  ('176', '2013-01-23 08:16:17', NULL, 'El usuario admin intenta iniciar sesión', NULL, '3'),
  ('177', '2013-01-23 08:16:17', '1', 'Inicia sesión', NULL, '4'),
  ('178', '2013-01-23 08:27:45', NULL, 'El usuario bmorales intenta iniciar sesión', NULL, '3'),
  ('179', '2013-01-23 08:27:45', '4', 'Inicia sesión', NULL, '4'),
  ('180', '2013-01-23 08:49:58', '4', 'Crea el evento Convencion', '6', '6'),
  ('181', '2013-01-23 08:51:11', '4', 'Ha enviado 1 invitaciones al evento', '6', '10'),
  ('182', '2013-01-23 08:51:24', '4', 'Ha enviado 2 invitaciones al evento', '6', '10'),
  ('183', '2013-01-23 08:54:47', '5', 'Jose Luis Orozco se inscribe en la aplicación', NULL, '1'),
  ('184', '2013-01-23 08:56:20', '4', 'Actualiza el evento Convencion', '6', '7'),
  ('185', '2013-01-23 08:57:55', NULL, 'El usuario bmorales intenta iniciar sesión', NULL, '3'),
  ('186', '2013-01-23 08:57:55', '4', 'Inicia sesión', NULL, '4'),
  ('187', '2013-01-23 08:59:50', '5', 'Se ha registrado al evento', '6', '9'),
  ('188', '2013-01-23 09:01:47', '5', 'Cierra sesión', NULL, '5'),
  ('189', '2013-01-23 09:06:00', '6', 'Jose Luis Orozco se inscribe en la aplicación', NULL, '1'),
  ('190', '2013-01-23 09:06:52', '6', 'Se ha registrado al evento', '6', '9'),
  ('191', '2013-01-23 09:07:09', '6', 'Cierra sesión', NULL, '5'),
  ('192', '2013-01-23 09:08:16', '6', 'Ha asistido al evento', '6', '13'),
  ('193', '2013-01-23 09:08:38', NULL, 'El usuario sistemas intenta iniciar sesión', NULL, '3'),
  ('194', '2013-01-23 09:08:38', '6', 'Inicia sesión', NULL, '4'),
  ('195', '2013-01-23 09:08:49', '6', 'Imprimió una escarapela de muestra', NULL, '21'),
  ('196', '2013-01-23 09:09:14', '6', 'Imprimió certificado de muestra', NULL, '25'),
  ('197', '2013-01-23 13:27:53', NULL, 'El usuario admin intenta iniciar sesión', NULL, '3'),
  ('198', '2013-01-23 13:27:53', '1', 'Inicia sesión', NULL, '4'),
  ('199', '2013-01-23 13:36:28', '7', 'oscar humberto morales garcia se inscribe en la aplicación', NULL, '1'),
  ('200', '2013-01-23 15:47:52', NULL, 'El usuario oscar intenta iniciar sesión', NULL, '3'),
  ('201', '2013-01-23 15:47:52', '7', 'Inicia sesión', NULL, '4'),
  ('202', '2013-01-23 15:57:28', NULL, 'El usuario oscar intenta iniciar sesión', NULL, '3'),
  ('203', '2013-01-23 15:57:28', '7', 'Inicia sesión', NULL, '4'),
  ('204', '2013-01-23 16:21:11', NULL, 'El usuario oscar intenta iniciar sesión', NULL, '3'),
  ('205', '2013-01-23 16:21:11', '7', 'Inicia sesión', NULL, '4'),
  ('206', '2013-01-23 16:32:51', '7', 'Crea el evento evento oscar Flisol', '7', '6'),
  ('207', '2013-01-23 16:37:47', '7', 'Actualiza el evento evento oscar Flisol', '7', '7'),
  ('208', '2013-01-23 16:41:07', NULL, 'El usuario admin intenta iniciar sesión', NULL, '3'),
  ('209', '2013-01-23 16:41:14', NULL, 'El usuario admin intenta iniciar sesión', NULL, '3'),
  ('210', '2013-01-23 16:41:14', '1', 'Inicia sesión', NULL, '4'),
  ('211', '2013-01-23 16:47:08', '7', 'Actualiza el evento evento oscar Flisol', '7', '7'),
  ('212', '2013-01-23 16:52:25', '7', 'Ha enviado 1 invitaciones al evento', '7', '10'),
  ('213', '2013-01-23 16:52:35', '7', 'Ha enviado 2 invitaciones al evento', '7', '10'),
  ('214', '2013-01-23 16:52:50', '7', 'Ha enviado 3 invitaciones al evento', '7', '10'),
  ('215', '2013-01-23 16:52:59', '7', 'Cierra sesión', NULL, '5'),
  ('216', '2013-01-23 16:54:05', '8', 'rosalba Jaramillo se inscribe en la aplicación', NULL, '1'),
  ('217', '2013-01-23 16:55:50', '8', 'Se ha registrado al evento', '7', '9'),
  ('218', '2013-01-23 17:00:48', '8', 'Crea el evento Evento rosalba 1', '8', '6'),
  ('219', '2013-01-23 17:01:49', '8', 'Ha enviado 1 invitaciones al evento', '8', '10'),
  ('220', '2013-01-23 17:02:02', '8', 'Ha enviado 2 invitaciones al evento', '8', '10'),
  ('221', '2013-01-23 17:03:43', '8', 'Actualiza el evento Evento rosalba 1', '8', '7'),
  ('222', '2013-01-23 17:03:52', '8', 'Realizó impresión masiva de escarapelas', '8', '22'),
  ('223', '2013-01-23 17:04:16', '8', 'Cierra sesión', NULL, '5'),
  ('224', '2013-01-23 17:05:32', '9', 'miguel angelo miranda saldarriaga se inscribe en la aplicación', NULL, '1'),
  ('225', '2013-01-23 17:05:40', '9', 'Se ha registrado al evento', '7', '9'),
  ('226', '2013-01-23 17:05:43', '9', 'Cierra sesión', NULL, '5'),
  ('227', '2013-01-23 17:05:51', NULL, 'El usuario oscar intenta iniciar sesión', NULL, '3'),
  ('228', '2013-01-23 17:05:51', '7', 'Inicia sesión', NULL, '4'),
  ('229', '2013-01-23 17:06:09', '8', 'Ha asistido al evento', '7', '13'),
  ('230', '2013-01-23 17:06:14', '9', 'Ha asistido al evento', '7', '13'),
  ('231', '2013-01-23 17:06:18', '9', 'Ha sido desertado del evento', '7', '14'),
  ('232', '2013-01-23 17:06:23', '9', 'Ha sido reintegrado al evento', '7', '15'),
  ('233', '2013-01-23 17:06:40', '7', 'Realizó impresión masiva de escarapelas', '7', '22'),
  ('234', '2013-01-23 17:06:49', '7', 'Realizó impresión individual de escarapelas', '7', '23'),
  ('235', '2013-01-23 17:06:54', '7', 'Realizó impresión individual de escarapelas', '7', '23'),
  ('236', '2013-01-23 17:07:23', '7', 'Realizó impresión masiva de certificados', '7', '26'),
  ('237', '2013-01-23 17:07:51', '7', 'Realizó impresión individual de certificados', '7', '27'),
  ('238', '2013-01-23 17:08:08', '7', 'Realizó impresión individual de certificados en media hoja', '7', '28'),
  ('239', '2013-01-23 17:10:05', '10', 'miguel es inscrito en la aplicación en el momento del evento', '7', '8'),
  ('240', '2013-01-23 17:10:31', '7', 'Ha finalizado el evento', '7', '16'),
  ('241', '2013-01-23 17:10:37', '7', 'Cierra sesión', NULL, '5'),
  ('242', '2013-01-23 17:10:45', NULL, 'El usuario gabriel intenta iniciar sesión', NULL, '3'),
  ('243', '2013-01-23 17:10:45', '9', 'Inicia sesión', NULL, '4'),
  ('244', '2013-01-23 17:10:56', '9', 'Realizó impresión individual de certificados', '7', '27'),
  ('245', '2013-01-23 17:11:11', '9', 'Cierra sesión', NULL, '5'),
  ('246', '2013-01-23 17:11:18', NULL, 'El usuario oscar intenta iniciar sesión', NULL, '3'),
  ('247', '2013-01-23 17:11:18', '7', 'Inicia sesión', NULL, '4'),
  ('248', '2013-01-23 17:12:00', '7', 'Cierra sesión', NULL, '5'),
  ('249', '2013-01-23 19:33:18', NULL, 'El usuario admin intenta iniciar sesión', NULL, '3'),
  ('250', '2013-01-23 19:33:18', '1', 'Inicia sesión', NULL, '4'),
  ('251', '2013-01-23 19:34:54', '1', 'Ha cancelado su registro al evento', '5', '11'),
  ('252', '2013-01-23 19:34:55', '1', 'Se ha registrado nuevamente al evento', '5', '12'),
  ('253', '2013-01-23 19:34:56', '1', 'Se ha registrado nuevamente al evento', '1', '12'),
  ('254', '2013-01-23 19:43:57', '3', 'Ha asistido al evento', '3', '13'),
  ('255', '2013-01-23 19:43:59', '3', 'Ha sido desertado del evento', '3', '14'),
  ('256', '2013-01-23 19:44:02', '3', 'Ha sido reintegrado al evento', '3', '15'),
  ('257', '2013-01-23 19:45:29', '1', 'Ha cancelado su registro al evento', '1', '11'),
  ('258', '2013-01-23 19:45:31', '1', 'Ha cancelado su registro al evento', '5', '11'),
  ('259', '2013-01-23 19:46:55', '1', 'Actualiza el evento XIII Congreso Panamericano de Riesgos de Lavado de Activos y Financiación del Terrrorismo', '2', '7'),
  ('260', '2013-01-23 19:47:56', '3', 'Ha asistido al evento', '2', '13'),
  ('261', '2013-01-23 19:48:01', '1', 'Ha finalizado el evento', '2', '16'),
  ('262', '2013-01-23 23:13:40', NULL, 'El usuario admin intenta iniciar sesión', NULL, '3'),
  ('263', '2013-01-23 23:13:40', '1', 'Inicia sesión', NULL, '4'),
  ('264', '2013-01-24 09:21:52', NULL, 'El usuario admin intenta iniciar sesión', NULL, '3'),
  ('265', '2013-01-24 09:21:52', '1', 'Inicia sesión', NULL, '4'),
  ('266', '2013-01-24 10:47:41', '1', 'Cierra sesión', NULL, '5'),
  ('267', '2013-01-24 10:50:50', '11', 'Gonzalo Pérez se inscribe en la aplicación', NULL, '1'),
  ('268', '2013-01-24 10:53:32', NULL, 'El usuario admin intenta iniciar sesión', NULL, '3'),
  ('269', '2013-01-24 10:53:32', '1', 'Inicia sesión', NULL, '4'),
  ('270', '2013-01-24 11:56:50', '11', 'Cierra sesión', NULL, '5'),
  ('271', '2013-01-24 14:49:54', NULL, 'El usuario admin intenta iniciar sesión', NULL, '3'),
  ('272', '2013-01-24 14:49:54', '1', 'Inicia sesión', NULL, '4'),
  ('273', '2013-01-24 14:50:05', '1', 'Cierra sesión', NULL, '5'),
  ('274', '2013-01-24 17:30:50', NULL, 'El usuario admin intenta iniciar sesión', NULL, '3'),
  ('275', '2013-01-24 17:30:50', '1', 'Inicia sesión', NULL, '4'),
  ('276', '2013-01-24 21:18:26', NULL, 'El usuario admin intenta iniciar sesión', NULL, '3'),
  ('277', '2013-01-24 21:18:26', '1', 'Inicia sesión', NULL, '4'),
  ('278', '2013-01-25 07:43:05', NULL, 'El usuario admin intenta iniciar sesión', NULL, '3'),
  ('279', '2013-01-25 07:43:05', '1', 'Inicia sesión', NULL, '4'),
  ('280', '2013-01-25 09:23:01', '1', 'Se ha registrado nuevamente al evento', '1', '12'),
  ('281', '2013-01-25 09:23:04', '1', 'Se ha registrado nuevamente al evento', '5', '12'),
  ('282', '2013-01-25 09:23:05', '1', 'Ha cancelado su registro al evento', '1', '11'),
  ('283', '2013-01-25 09:23:07', '1', 'Ha cancelado su registro al evento', '5', '11'),
  ('284', '2013-01-25 09:23:11', '1', 'Se ha registrado nuevamente al evento', '5', '12'),
  ('285', '2013-01-25 09:23:12', '1', 'Se ha registrado nuevamente al evento', '1', '12'),
  ('286', '2013-01-25 09:23:13', '1', 'Cierra sesión', NULL, '5'),
  ('287', '2013-01-25 09:23:16', NULL, 'El usuario admin intenta iniciar sesión', NULL, '3'),
  ('288', '2013-01-25 09:23:16', '1', 'Inicia sesión', NULL, '4'),
  ('289', '2013-01-25 15:03:30', NULL, 'El usuario admin intenta iniciar sesión', NULL, '3'),
  ('290', '2013-01-25 15:03:30', '1', 'Inicia sesión', NULL, '4'),
  ('291', '2013-01-25 19:51:36', NULL, 'El usuario ADMIN intenta iniciar sesión', NULL, '3'),
  ('292', '2013-01-25 19:51:36', '1', 'Inicia sesión', NULL, '4'),
  ('293', '2013-01-25 21:50:05', NULL, 'El usuario bmorales intenta iniciar sesión', NULL, '3'),
  ('294', '2013-01-25 21:50:05', '4', 'Inicia sesión', NULL, '4'),
  ('295', '2013-01-25 21:51:00', '5', 'Ha asistido al evento', '6', '13'),
  ('296', '2013-01-25 21:51:05', '5', 'Ha sido desertado del evento', '6', '14'),
  ('297', '2013-01-25 21:51:56', '12', 'Carolina Ortega es inscrito en la aplicación en el momento del evento', '6', '8'),
  ('298', '2013-01-26 08:06:24', NULL, 'El usuario admin intenta iniciar sesión', NULL, '3'),
  ('299', '2013-01-26 08:06:24', '1', 'Inicia sesión', NULL, '4'),
  ('300', '2013-01-26 11:44:03', NULL, 'El usuario admin intenta iniciar sesión', NULL, '3'),
  ('301', '2013-01-26 11:44:03', '1', 'Inicia sesión', NULL, '4'),
  ('302', '2013-01-26 11:44:16', '1', 'Cierra sesión', NULL, '5'),
  ('303', '2013-01-26 11:54:36', NULL, 'El usuario admin intenta iniciar sesión', NULL, '3'),
  ('304', '2013-01-26 11:54:36', '1', 'Inicia sesión', NULL, '4'),
  ('305', '2013-01-26 16:41:25', NULL, 'El usuario admin intenta iniciar sesión', NULL, '3'),
  ('306', '2013-01-26 16:41:25', '1', 'Inicia sesión', NULL, '4'),
  ('307', '2013-01-26 22:04:14', NULL, 'El usuario admin intenta iniciar sesión', NULL, '3'),
  ('308', '2013-01-26 22:04:14', '1', 'Inicia sesión', NULL, '4'),
  ('309', '2013-01-27 21:06:37', NULL, 'El usuario admin intenta iniciar sesión', NULL, '3'),
  ('310', '2013-01-27 21:06:37', '1', 'Inicia sesión', NULL, '4'),
  ('311', '2013-01-28 09:55:25', NULL, 'El usuario admin intenta iniciar sesión', NULL, '3'),
  ('312', '2013-01-28 09:55:25', '1', 'Inicia sesión', NULL, '4'),
  ('313', '2013-01-28 14:36:22', NULL, 'El usuario admin intenta iniciar sesión', NULL, '3'),
  ('314', '2013-01-28 14:36:22', '1', 'Inicia sesión', NULL, '4'),
  ('315', '2013-01-28 16:10:50', '1', 'Cierra sesión', NULL, '5'),
  ('316', '2013-01-28 21:31:30', NULL, 'El usuario admin intenta iniciar sesión', NULL, '3'),
  ('317', '2013-01-28 21:31:35', NULL, 'El usuario admin intenta iniciar sesión', NULL, '3'),
  ('318', '2013-01-28 21:31:35', '1', 'Inicia sesión', NULL, '4'),
  ('319', '2013-01-29 08:03:31', NULL, 'El usuario admin intenta iniciar sesión', NULL, '3'),
  ('320', '2013-01-29 08:03:31', '1', 'Inicia sesión', NULL, '4'),
  ('321', '2013-01-29 15:33:46', NULL, 'El usuario bmorales intenta iniciar sesión', NULL, '3'),
  ('322', '2013-01-29 15:33:46', '4', 'Inicia sesión', NULL, '4'),
  ('323', '2013-01-29 15:33:52', '4', 'Cierra sesión', NULL, '5'),
  ('324', '2013-01-29 17:26:07', NULL, 'El usuario admin intenta iniciar sesión', NULL, '3'),
  ('325', '2013-01-29 17:26:07', '1', 'Inicia sesión', NULL, '4'),
  ('326', '2013-01-29 20:12:58', NULL, 'El usuario admin intenta iniciar sesión', NULL, '3'),
  ('327', '2013-01-29 20:12:58', '1', 'Inicia sesión', NULL, '4'),
  ('328', '2013-01-30 12:45:40', NULL, 'El usuario admin intenta iniciar sesión', NULL, '3'),
  ('329', '2013-01-30 12:45:40', '1', 'Inicia sesión', NULL, '4'),
  ('330', '2013-01-31 07:48:34', NULL, 'El usuario admin intenta iniciar sesión', NULL, '3'),
  ('331', '2013-01-31 07:48:34', '1', 'Inicia sesión', NULL, '4'),
  ('332', '2013-01-31 07:48:42', '1', 'Cierra sesión', NULL, '5'),
  ('333', '2013-01-31 12:00:38', NULL, 'El usuario admin intenta iniciar sesión', NULL, '3'),
  ('334', '2013-01-31 12:00:38', '1', 'Inicia sesión', NULL, '4'),
  ('335', '2013-01-31 17:03:01', NULL, 'El usuario admin intenta iniciar sesión', NULL, '3'),
  ('336', '2013-01-31 17:03:05', NULL, 'El usuario admin intenta iniciar sesión', NULL, '3'),
  ('337', '2013-01-31 17:03:05', '1', 'Inicia sesión', NULL, '4'),
  ('338', '2013-01-31 17:04:23', '1', 'Cierra sesión', NULL, '5'),
  ('339', '2013-01-31 20:03:14', NULL, 'El usuario admin intenta iniciar sesión', NULL, '3'),
  ('340', '2013-01-31 20:03:14', '1', 'Inicia sesión', NULL, '4'),
  ('341', '2013-01-31 20:08:40', '1', 'Ha cancelado su registro al evento', '5', '11'),
  ('342', '2013-01-31 20:08:42', '1', 'Ha cancelado su registro al evento', '1', '11'),
  ('343', '2013-01-31 20:08:43', '1', 'Se ha registrado nuevamente al evento', '5', '12'),
  ('344', '2013-01-31 20:08:44', '1', 'Se ha registrado nuevamente al evento', '1', '12'),
  ('345', '2013-01-31 20:08:46', '1', 'Ha cancelado su registro al evento', '1', '11'),
  ('346', '2013-01-31 20:08:47', '1', 'Ha cancelado su registro al evento', '5', '11'),
  ('347', '2013-01-31 23:01:36', NULL, 'El usuario admin intenta iniciar sesión', NULL, '3'),
  ('348', '2013-01-31 23:01:36', '1', 'Inicia sesión', NULL, '4'),
  ('349', '2013-02-01 13:37:36', NULL, 'El usuario admin intenta iniciar sesión', NULL, '3'),
  ('350', '2013-02-01 13:37:36', '1', 'Inicia sesión', NULL, '4'),
  ('351', '2013-02-01 13:37:44', '1', 'Cierra sesión', NULL, '5'),
  ('352', '2013-02-01 22:56:41', NULL, 'El usuario admin intenta iniciar sesión', NULL, '3'),
  ('353', '2013-02-01 22:56:41', '1', 'Inicia sesión', NULL, '4'),
  ('354', '2013-02-02 22:24:47', NULL, 'El usuario admin intenta iniciar sesión', NULL, '3'),
  ('355', '2013-02-02 22:24:47', '1', 'Inicia sesión', NULL, '4'),
  ('356', '2013-02-03 21:38:25', NULL, 'El usuario admin intenta iniciar sesión', NULL, '3'),
  ('357', '2013-02-03 21:38:25', '1', 'Inicia sesión', NULL, '4'),
  ('358', '2013-02-04 13:50:02', NULL, 'El usuario admin intenta iniciar sesión', NULL, '3'),
  ('359', '2013-02-04 13:50:02', '1', 'Inicia sesión', NULL, '4'),
  ('360', '2013-02-06 07:46:32', NULL, 'El usuario admin intenta iniciar sesión', NULL, '3'),
  ('361', '2013-02-06 07:46:32', '1', 'Inicia sesión', NULL, '4'),
  ('362', '2013-02-06 07:46:38', '1', 'Cierra sesión', NULL, '5'),
  ('363', '2013-02-06 15:34:27', NULL, 'El usuario admin intenta iniciar sesión', NULL, '3'),
  ('364', '2013-02-06 15:34:27', '1', 'Inicia sesión', NULL, '4'),
  ('365', '2013-02-07 07:28:03', NULL, 'El usuario bmorales intenta iniciar sesión', NULL, '3'),
  ('366', '2013-02-07 07:28:03', '4', 'Inicia sesión', NULL, '4'),
  ('367', '2013-02-07 21:40:13', NULL, 'El usuario admin intenta iniciar sesión', NULL, '3'),
  ('368', '2013-02-07 21:40:13', '1', 'Inicia sesión', NULL, '4'),
  ('369', '2013-02-08 07:47:32', NULL, 'El usuario admin intenta iniciar sesión', NULL, '3'),
  ('370', '2013-02-08 07:47:32', '1', 'Inicia sesión', NULL, '4'),
  ('371', '2013-02-09 11:43:43', NULL, 'El usuario amín intenta iniciar sesión', NULL, '3'),
  ('372', '2013-02-11 11:05:17', '13', 'Bernardo Morales Vèlez se inscribe en la aplicación', NULL, '1'),
  ('373', '2013-02-11 11:08:16', '14', 'Jose Luis Orozco mejia se inscribe en la aplicación', NULL, '1'),
  ('374', '2013-02-11 11:09:21', '13', 'Imprimió una escarapela de muestra', NULL, '21'),
  ('375', '2013-02-11 11:10:12', '13', 'Imprimió una escarapela de muestra', NULL, '21'),
  ('376', '2013-02-11 11:10:12', '13', 'Imprimió certificado de muestra', NULL, '25'),
  ('377', '2013-02-11 11:10:13', '13', 'Imprimió certificado de muestra', NULL, '25'),
  ('378', '2013-02-11 11:17:38', '13', 'Crea el evento Seminario Archivos y Repositorios Digitales', '9', '6'),
  ('379', '2013-02-11 11:22:29', '13', 'Actualiza el evento Seminario Archivos y Repositorios Digitales', '9', '7'),
  ('380', '2013-02-11 11:23:06', '14', 'Cierra sesión', NULL, '5'),
  ('381', '2013-02-11 11:23:53', '15', 'Alberto Casas santamaria se inscribe en la aplicación', NULL, '1'),
  ('382', '2013-02-11 11:23:56', '15', 'Cierra sesión', NULL, '5'),
  ('383', '2013-02-11 11:24:49', '16', 'Sandra Holguin se inscribe en la aplicación', NULL, '1'),
  ('384', '2013-02-11 11:26:09', '13', 'Ha enviado 1 invitaciones al evento', '9', '10'),
  ('385', '2013-02-11 11:26:19', '13', 'Ha enviado 2 invitaciones al evento', '9', '10'),
  ('386', '2013-02-11 11:26:31', '13', 'Ha enviado 3 invitaciones al evento', '9', '10'),
  ('387', '2013-02-11 11:26:44', '13', 'Ha enviado 4 invitaciones al evento', '9', '10'),
  ('388', '2013-02-11 11:26:55', '13', 'Ha enviado 5 invitaciones al evento', '9', '10'),
  ('389', '2013-02-11 11:29:33', '16', 'Cierra sesión', NULL, '5'),
  ('390', '2013-02-11 11:29:42', NULL, 'El usuario 1 intenta iniciar sesión', NULL, '3'),
  ('391', '2013-02-11 11:29:42', '13', 'Inicia sesión', NULL, '4'),
  ('392', '2013-02-11 11:30:32', '13', 'Se ha registrado al evento', '9', '9'),
  ('393', '2013-02-11 11:31:23', '13', 'Cierra sesión', NULL, '5'),
  ('394', '2013-02-11 11:31:28', NULL, 'El usuario 2 intenta iniciar sesión', NULL, '3'),
  ('395', '2013-02-11 11:31:28', '14', 'Inicia sesión', NULL, '4'),
  ('396', '2013-02-11 11:31:34', '14', 'Se ha registrado al evento', '9', '9'),
  ('397', '2013-02-11 11:32:45', '14', 'Cierra sesión', NULL, '5'),
  ('398', '2013-02-11 11:32:51', '13', 'Ha enviado 1 invitaciones al evento', '9', '10'),
  ('399', '2013-02-11 11:32:52', NULL, 'El usuario 3 intenta iniciar sesión', NULL, '3'),
  ('400', '2013-02-11 11:32:52', '15', 'Inicia sesión', NULL, '4'),
  ('401', '2013-02-11 11:32:58', '15', 'Se ha registrado al evento', '9', '9'),
  ('402', '2013-02-11 11:33:03', '15', 'Cierra sesión', NULL, '5'),
  ('403', '2013-02-11 11:33:22', NULL, 'El usuario 4 intenta iniciar sesión', NULL, '3'),
  ('404', '2013-02-11 11:33:35', NULL, 'El usuario 5 intenta iniciar sesión', NULL, '3'),
  ('405', '2013-02-11 11:33:35', '16', 'Inicia sesión', NULL, '4'),
  ('406', '2013-02-11 11:33:40', '16', 'No pudo registrarse al evento porque se agotaron los cupos', '9', '18'),
  ('407', '2013-02-11 11:33:51', '16', 'Cierra sesión', NULL, '5'),
  ('408', '2013-02-11 11:36:01', '13', 'Ha enviado 1 invitaciones al evento', '9', '10'),
  ('409', '2013-02-11 11:37:44', '17', 'John Orozco Mejia se inscribe en la aplicación', NULL, '1'),
  ('410', '2013-02-11 11:39:49', NULL, 'El usuario 5 intenta iniciar sesión', NULL, '3'),
  ('411', '2013-02-11 11:39:49', '16', 'Inicia sesión', NULL, '4'),
  ('412', '2013-02-11 11:39:59', '16', 'Cierra sesión', NULL, '5'),
  ('413', '2013-02-11 11:40:07', NULL, 'El usuario 2 intenta iniciar sesión', NULL, '3'),
  ('414', '2013-02-11 11:40:07', '14', 'Inicia sesión', NULL, '4'),
  ('415', '2013-02-11 11:42:27', '14', 'Ha cancelado su registro al evento', '9', '11'),
  ('416', '2013-02-11 11:43:01', '14', 'Se ha registrado nuevamente al evento', '9', '12'),
  ('417', '2013-02-11 11:43:16', '14', 'Ha cancelado su registro al evento', '9', '11'),
  ('418', '2013-02-11 11:43:50', '18', 'Carlos Alberto Perez es inscrito en la aplicación en el momento del evento', '9', '8'),
  ('419', '2013-02-11 11:45:34', '15', 'Ha asistido al evento', '9', '13'),
  ('420', '2013-02-11 11:46:04', '13', 'Ha asistido al evento', '9', '13'),
  ('421', '2013-02-11 11:46:10', '18', 'Ha sido desertado del evento', '9', '14'),
  ('422', '2013-02-11 11:48:03', '13', 'Ha finalizado el evento', '9', '16'),
  ('423', '2013-02-11 17:32:16', NULL, 'El usuario bmorales intenta iniciar sesión', NULL, '3'),
  ('424', '2013-02-11 17:32:16', '4', 'Inicia sesión', NULL, '4'),
  ('425', '2013-02-11 17:32:43', '4', 'Cierra sesión', NULL, '5'),
  ('426', '2013-02-11 17:32:47', NULL, 'El usuario bmorales intenta iniciar sesión', NULL, '3'),
  ('427', '2013-02-11 17:32:47', '4', 'Inicia sesión', NULL, '4'),
  ('428', '2013-02-12 18:17:21', NULL, 'El usuario 1 intenta iniciar sesión', NULL, '3'),
  ('429', '2013-02-12 18:17:21', '13', 'Inicia sesión', NULL, '4'),
  ('430', '2013-02-12 19:03:11', NULL, 'El usuario 1 intenta iniciar sesión', NULL, '3'),
  ('431', '2013-02-12 19:03:11', '13', 'Inicia sesión', NULL, '4'),
  ('432', '2013-02-12 19:09:47', '13', 'Ha abierto el evento', '9', '17'),
  ('433', '2013-02-12 19:10:40', '13', 'Ha enviado 1 invitaciones al evento', '9', '10'),
  ('434', '2013-02-12 19:12:33', '19', 'jose Orozco se inscribe en la aplicación', NULL, '1'),
  ('435', '2013-02-12 19:15:08', '20', 'eeeee es inscrito en la aplicación en el momento del evento', '9', '8'),
  ('436', '2013-02-13 12:15:46', NULL, 'El usuario admin intenta iniciar sesión', NULL, '3'),
  ('437', '2013-02-13 12:15:46', '1', 'Inicia sesión', NULL, '4'),
  ('438', '2013-02-13 12:16:52', '1', 'Cierra sesión', NULL, '5'),
  ('439', '2013-02-13 12:30:49', NULL, 'El usuario admin intenta iniciar sesión', NULL, '3'),
  ('440', '2013-02-13 12:30:49', '1', 'Inicia sesión', NULL, '4'),
  ('441', '2013-02-13 12:31:01', '1', 'Realizó impresión masiva de escarapelas', '3', '22'),
  ('442', '2013-02-13 12:31:07', '1', 'Realizó impresión individual de escarapelas', '3', '23'),
  ('443', '2013-02-13 20:25:45', NULL, 'El usuario admin intenta iniciar sesión', NULL, '3'),
  ('444', '2013-02-13 20:25:45', '1', 'Inicia sesión', NULL, '4'),
  ('445', '2013-02-13 20:26:05', '1', 'Ha enviado 1 invitaciones al evento', '3', '10'),
  ('446', '2013-02-14 07:58:08', NULL, 'El usuario john intenta iniciar sesión', NULL, '3'),
  ('447', '2013-02-14 07:58:12', NULL, 'El usuario admin intenta iniciar sesión', NULL, '3'),
  ('448', '2013-02-14 07:58:12', '1', 'Inicia sesión', NULL, '4'),
  ('449', '2013-02-14 11:47:48', NULL, 'El usuario admin intenta iniciar sesión', NULL, '3'),
  ('450', '2013-02-14 11:47:48', '1', 'Inicia sesión', NULL, '4'),
  ('451', '2013-02-14 11:48:06', '1', 'Cierra sesión', NULL, '5'),
  ('452', '2013-02-14 12:51:04', NULL, 'El usuario admin intenta iniciar sesión', NULL, '3'),
  ('453', '2013-02-14 12:51:04', '1', 'Inicia sesión', NULL, '4'),
  ('454', '2013-02-14 12:51:18', '1', 'Cierra sesión', NULL, '5'),
  ('455', '2013-02-14 12:56:13', NULL, 'El usuario bmorales intenta iniciar sesión', NULL, '3'),
  ('456', '2013-02-14 12:56:13', '4', 'Inicia sesión', NULL, '4'),
  ('457', '2013-02-14 12:56:36', '4', 'Cierra sesión', NULL, '5'),
  ('458', '2013-02-14 12:57:08', NULL, 'El usuario bmorales intenta iniciar sesión', NULL, '3'),
  ('459', '2013-02-14 12:57:08', '4', 'Inicia sesión', NULL, '4'),
  ('460', '2013-02-14 12:57:55', '4', 'Se ha registrado al evento', '9', '9'),
  ('461', '2013-02-14 13:30:24', NULL, 'El usuario admin intenta iniciar sesión', NULL, '3'),
  ('462', '2013-02-14 13:30:24', '1', 'Inicia sesión', NULL, '4'),
  ('463', '2013-02-14 14:22:26', '1', 'Cierra sesión', NULL, '5'),
  ('464', '2013-02-14 14:22:51', '21', 'John Cano se inscribe en la aplicación', NULL, '1'),
  ('465', '2013-02-14 14:51:06', '21', 'Imprimió una escarapela de muestra', NULL, '21'),
  ('466', '2013-02-14 18:15:52', NULL, 'El usuario admin intenta iniciar sesión', NULL, '3'),
  ('467', '2013-02-14 18:15:52', '1', 'Inicia sesión', NULL, '4'),
  ('468', '2013-02-14 18:24:41', '22', 'oscarg es inscrito en la aplicación en el momento del evento', '3', '8'),
  ('469', '2013-02-14 18:29:00', '23', 'oscarg es inscrito en la aplicación en el momento del evento', '3', '8'),
  ('470', '2013-02-14 18:33:04', '24', 'oscarg es inscrito en la aplicación en el momento del evento', '3', '8'),
  ('471', '2013-02-14 18:44:29', '25', 'oscarg es inscrito en la aplicación en el momento del evento', '3', '8'),
  ('472', '2013-02-14 18:46:05', '26', 'oscarg es inscrito en la aplicación en el momento del evento', '3', '8'),
  ('473', '2013-02-14 18:48:54', '27', 'oscarg es inscrito en la aplicación en el momento del evento', '3', '8'),
  ('474', '2013-02-14 18:50:47', '28', 'oscarg es inscrito en la aplicación en el momento del evento', '3', '8'),
  ('475', '2013-02-14 18:51:44', '29', 'oscarg es inscrito en la aplicación en el momento del evento', '3', '8'),
  ('476', '2013-02-14 18:56:37', '30', 'oscarg es inscrito en la aplicación en el momento del evento', '3', '8'),
  ('477', '2013-02-14 18:58:03', '31', 'oscarg es inscrito en la aplicación en el momento del evento', '3', '8'),
  ('478', '2013-02-14 19:00:38', '32', 'oscarg es inscrito en la aplicación en el momento del evento', '3', '8'),
  ('479', '2013-02-14 19:01:56', '33', 'oscarg es inscrito en la aplicación en el momento del evento', '3', '8'),
  ('480', '2013-02-14 19:04:49', '34', 'oscarg es inscrito en la aplicación en el momento del evento', '3', '8'),
  ('481', '2013-02-14 19:06:16', '35', 'oscarg es inscrito en la aplicación en el momento del evento', '3', '8'),
  ('482', '2013-02-14 21:34:24', NULL, 'El usuario admin intenta iniciar sesión', NULL, '3'),
  ('483', '2013-02-14 21:34:24', '1', 'Inicia sesión', NULL, '4'),
  ('484', '2013-02-14 21:49:21', '1', 'Ha finalizado el evento', '3', '16'),
  ('485', '2013-02-14 21:49:23', '1', 'Ha abierto el evento', '3', '17'),
  ('486', '2013-02-15 11:10:16', NULL, 'El usuario admin intenta iniciar sesión', NULL, '3'),
  ('487', '2013-02-15 11:10:16', '1', 'Inicia sesión', NULL, '4'),
  ('488', '2013-02-15 11:12:18', '1', 'Ha abierto el evento', '2', '17'),
  ('489', '2013-02-15 11:17:29', NULL, 'El usuario admin intenta iniciar sesión', NULL, '3'),
  ('490', '2013-02-15 11:17:29', '1', 'Inicia sesión', NULL, '4'),
  ('491', '2013-02-15 11:19:14', '1', 'Realizó impresión masiva de escarapelas', '3', '22'),
  ('492', '2013-02-15 11:19:33', '1', 'Realizó impresión individual de escarapelas', '3', '23'),
  ('493', '2013-02-15 11:20:08', '1', 'Cierra sesión', NULL, '5'),
  ('494', '2013-02-15 11:20:12', NULL, 'El usuario j intenta iniciar sesión', NULL, '3'),
  ('495', '2013-02-15 11:27:01', NULL, 'El usuario bmorales intenta iniciar sesión', NULL, '3'),
  ('496', '2013-02-15 11:27:01', '4', 'Inicia sesión', NULL, '4'),
  ('497', '2013-02-15 13:42:45', NULL, 'El usuario bmorales intenta iniciar sesión', NULL, '3'),
  ('498', '2013-02-15 13:42:45', '4', 'Inicia sesión', NULL, '4'),
  ('499', '2013-02-15 13:44:22', '4', 'Cierra sesión', NULL, '5'),
  ('500', '2013-02-15 13:46:08', NULL, 'El usuario bmorales intenta iniciar sesión', NULL, '3'),
  ('501', '2013-02-15 13:46:08', '4', 'Inicia sesión', NULL, '4'),
  ('502', '2013-02-15 13:46:48', '4', 'Cierra sesión', NULL, '5'),
  ('503', '2013-02-15 13:46:56', NULL, 'El usuario bmorales intenta iniciar sesión', NULL, '3'),
  ('504', '2013-02-15 13:46:56', '4', 'Inicia sesión', NULL, '4'),
  ('505', '2013-02-15 13:47:20', '4', 'Cierra sesión', NULL, '5'),
  ('506', '2013-02-15 13:47:21', NULL, 'El usuario bmorales intenta iniciar sesión', NULL, '3'),
  ('507', '2013-02-15 13:47:21', '4', 'Inicia sesión', NULL, '4'),
  ('508', '2013-02-15 13:48:55', '4', 'Cierra sesión', NULL, '5'),
  ('509', '2013-02-15 13:48:56', NULL, 'El usuario bmorales intenta iniciar sesión', NULL, '3'),
  ('510', '2013-02-15 13:48:56', '4', 'Inicia sesión', NULL, '4'),
  ('511', '2013-02-15 16:09:46', NULL, 'El usuario bmorales intenta iniciar sesión', NULL, '3'),
  ('512', '2013-02-15 16:09:46', '4', 'Inicia sesión', NULL, '4'),
  ('513', '2013-02-15 21:02:12', NULL, 'El usuario sdmin intenta iniciar sesión', NULL, '3'),
  ('514', '2013-02-15 21:02:15', NULL, 'El usuario admin intenta iniciar sesión', NULL, '3'),
  ('515', '2013-02-15 21:02:15', '1', 'Inicia sesión', NULL, '4'),
  ('516', '2013-02-15 21:03:09', '3', 'Ha sido desertado del evento', '3', '14'),
  ('517', '2013-02-15 21:04:12', '1', 'Cierra sesión', NULL, '5'),
  ('518', '2013-02-16 08:33:06', NULL, 'El usuario admin intenta iniciar sesión', NULL, '3'),
  ('519', '2013-02-16 08:33:06', '1', 'Inicia sesión', NULL, '4'),
  ('520', '2013-02-16 08:59:58', NULL, 'El usuario bmorales intenta iniciar sesión', NULL, '3'),
  ('521', '2013-02-16 08:59:58', '4', 'Inicia sesión', NULL, '4'),
  ('522', '2013-02-16 09:03:25', '4', 'Imprimió una escarapela de muestra', NULL, '21'),
  ('523', '2013-02-16 09:04:09', '4', 'Cierra sesión', NULL, '5'),
  ('524', '2013-02-16 09:04:28', NULL, 'El usuario bmorales intenta iniciar sesión', NULL, '3'),
  ('525', '2013-02-16 09:04:28', '4', 'Inicia sesión', NULL, '4'),
  ('526', '2013-02-16 11:26:04', NULL, 'El usuario admin intenta iniciar sesión', NULL, '3'),
  ('527', '2013-02-16 11:26:04', '1', 'Inicia sesión', NULL, '4'),
  ('528', '2013-02-16 13:48:18', NULL, 'El usuario admin intenta iniciar sesión', NULL, '3'),
  ('529', '2013-02-16 13:48:18', '1', 'Inicia sesión', NULL, '4'),
  ('530', '2013-02-16 14:00:58', '1', 'Actualiza el evento IV Congreso de Acceso a Servicios Financieros, Sistemas y Herramientas de Pago', '3', '7'),
  ('531', '2013-02-16 14:06:39', '1', 'Cierra sesión', NULL, '5'),
  ('532', '2013-02-16 15:43:11', '1', 'Imprimió una escarapela de muestra', NULL, '21'),
  ('533', '2013-02-16 16:19:18', NULL, 'El usuario admin intenta iniciar sesión', NULL, '3'),
  ('534', '2013-02-16 16:19:18', '1', 'Inicia sesión', NULL, '4'),
  ('535', '2013-02-16 17:19:15', NULL, 'El usuario admin intenta iniciar sesión', NULL, '3'),
  ('536', '2013-02-16 17:19:15', '1', 'Inicia sesión', NULL, '4'),
  ('537', '2013-02-16 17:19:30', '1', 'Se ha registrado nuevamente al evento', '5', '12'),
  ('538', '2013-02-16 17:19:33', '1', 'Se ha registrado nuevamente al evento', '1', '12'),
  ('539', '2013-02-16 17:19:58', '1', 'Imprimió una escarapela de muestra', NULL, '21'),
  ('540', '2013-02-16 17:20:02', '1', 'Imprimió una escarapela de muestra', NULL, '21'),
  ('541', '2013-02-16 20:15:28', NULL, 'El usuario admin intenta iniciar sesión', NULL, '3'),
  ('542', '2013-02-16 20:15:28', '1', 'Inicia sesión', NULL, '4'),
  ('543', '2013-02-16 20:27:25', '1', 'Cierra sesión', NULL, '5'),
  ('544', '2013-02-16 20:27:26', '0', 'Cierra sesión', NULL, '5'),
  ('545', '2013-02-16 20:27:31', NULL, 'El usuario admin intenta iniciar sesión', NULL, '3'),
  ('546', '2013-02-16 20:27:38', NULL, 'El usuario admin intenta iniciar sesión', NULL, '3'),
  ('547', '2013-02-16 20:27:38', '1', 'Inicia sesión', NULL, '4'),
  ('548', '2013-02-16 20:40:40', '1', 'Cierra sesión', NULL, '5'),
  ('549', '2013-02-16 20:40:47', NULL, 'El usuario admin intenta iniciar sesión', NULL, '3'),
  ('550', '2013-02-16 20:40:47', '1', 'Inicia sesión', NULL, '4'),
  ('551', '2013-02-16 22:04:37', '1', 'Cierra sesión', NULL, '5'),
  ('552', '2013-02-16 22:04:38', '2', 'Cierra sesión', NULL, '5'),
  ('553', '2013-02-16 22:04:45', NULL, 'El usuario admin intenta iniciar sesión', NULL, '3'),
  ('554', '2013-02-16 22:04:45', '1', 'Inicia sesión', NULL, '4'),
  ('555', '2013-02-16 22:19:09', '1', 'Se activa la licencia mensual', NULL, '29'),
  ('556', '2013-02-16 22:20:02', '1', 'Ha cancelado su registro al evento', '1', '11'),
  ('557', '2013-02-16 22:20:04', '1', 'Ha cancelado su registro al evento', '5', '11'),
  ('558', '2013-02-16 22:22:59', '1', 'Realizó impresión masiva de escarapelas', '3', '22'),
  ('559', '2013-02-16 22:23:31', '1', 'Realizó impresión individual de escarapelas', '3', '23'),
  ('560', '2013-02-16 23:04:27', '36', 'Juan es inscrito en la aplicación en el momento del evento', '3', '8'),
  ('561', '2013-02-16 23:59:53', '1', 'Ha finalizado el evento', '3', '16'),
  ('562', '2013-02-16 23:59:58', '1', 'Ha abierto el evento', '3', '17'),
  ('563', '2013-02-17 00:01:38', '1', 'Ha abierto el evento', '3', '17'),
  ('564', '2013-02-17 09:34:21', NULL, 'El usuario admin intenta iniciar sesión', NULL, '3'),
  ('565', '2013-02-17 09:34:21', '1', 'Inicia sesión', NULL, '4'),
  ('566', '2013-02-17 09:44:17', NULL, 'El usuario admin intenta iniciar sesión', NULL, '3'),
  ('567', '2013-02-17 09:44:17', '1', 'Inicia sesión', NULL, '4'),
  ('568', '2013-02-17 09:58:44', '1', 'Crea el evento San valentin 2013', '10', '6'),
  ('569', '2013-02-17 10:01:20', '1', 'Crea el evento San valentin 2013', '11', '6'),
  ('570', '2013-02-17 10:10:17', '1', 'Actualiza el evento San valentin 2013', '10', '7'),
  ('571', '2013-02-17 10:19:32', '1', 'Actualiza el evento San valentin 2013', '10', '7'),
  ('572', '2013-02-17 10:20:12', '1', 'Actualiza el evento San valentin 2013', '11', '7'),
  ('573', '2013-02-17 10:21:40', '1', 'Crea el evento Barcamp 2013', '12', '6'),
  ('574', '2013-02-17 10:31:47', '1', 'Ha enviado 1 invitaciones al evento', '12', '10'),
  ('575', '2013-02-17 10:32:01', '1', 'Ha enviado 2 invitaciones al evento', '12', '10'),
  ('576', '2013-02-17 10:38:54', NULL, 'El usuario oscar intenta iniciar sesión', NULL, '3'),
  ('577', '2013-02-17 10:38:54', '7', 'Inicia sesión', NULL, '4'),
  ('578', '2013-02-17 10:39:08', '7', 'Se ha registrado al evento', '12', '9'),
  ('579', '2013-02-17 10:40:16', '1', 'Realizó impresión masiva de escarapelas', '12', '22'),
  ('580', '2013-02-17 10:40:18', '1', 'Realizó impresión masiva de escarapelas', '12', '22'),
  ('581', '2013-02-17 10:40:28', '1', 'Realizó impresión individual de escarapelas', '12', '23'),
  ('582', '2013-02-17 10:40:29', '1', 'Realizó impresión individual de escarapelas', '12', '23'),
  ('583', '2013-02-17 10:41:03', '7', 'Ha asistido al evento', '12', '13'),
  ('584', '2013-02-17 10:41:13', '1', 'Realizó impresión masiva de certificados', '12', '26'),
  ('585', '2013-02-17 10:41:15', '1', 'Realizó impresión masiva de certificados', '12', '26'),
  ('586', '2013-02-17 10:41:21', '1', 'Realizó impresión individual de certificados', '12', '27'),
  ('587', '2013-02-17 10:41:22', '1', 'Realizó impresión individual de certificados', '12', '27'),
  ('588', '2013-02-17 10:41:29', '1', 'Realizó impresión individual de certificados en media hoja', '12', '28'),
  ('589', '2013-02-17 10:41:31', '1', 'Realizó impresión individual de certificados en media hoja', '12', '28'),
  ('590', '2013-02-17 10:43:01', '1', 'Actualiza el evento Barcamp 2013', '12', '7'),
  ('591', '2013-02-17 10:43:14', '1', 'Realizó impresión masiva de escarapelas', '12', '22'),
  ('592', '2013-02-17 10:43:15', '1', 'Realizó impresión masiva de escarapelas', '12', '22'),
  ('593', '2013-02-17 10:43:27', '1', 'Realizó impresión masiva de certificados', '12', '26'),
  ('594', '2013-02-17 10:43:28', '1', 'Realizó impresión masiva de certificados', '12', '26'),
  ('595', '2013-02-17 10:56:43', '1', 'Realizó impresión individual de certificados', '12', '27'),
  ('596', '2013-02-17 10:58:27', '1', 'Realizó impresión individual de certificados', '12', '27'),
  ('597', '2013-02-17 10:59:58', '1', 'Realizó impresión individual de certificados', '12', '27'),
  ('598', '2013-02-17 11:02:14', '1', 'Realizó impresión individual de certificados', '12', '27'),
  ('599', '2013-02-17 11:04:32', '1', 'Realizó impresión individual de certificados', '12', '27'),
  ('600', '2013-02-17 11:04:58', '1', 'Realizó impresión individual de certificados', '12', '27'),
  ('601', '2013-02-17 11:05:48', '1', 'Realizó impresión individual de certificados', '12', '27'),
  ('602', '2013-02-17 11:06:05', '1', 'Realizó impresión individual de certificados', '12', '27'),
  ('603', '2013-02-17 11:06:41', '1', 'Realizó impresión individual de certificados', '12', '27'),
  ('604', '2013-02-17 11:06:57', '1', 'Actualiza el evento IV Congreso de Acceso a Servicios Financieros, Sistemas y Herramientas de Pago', '3', '7'),
  ('605', '2013-02-17 11:07:01', '1', 'Realizó impresión masiva de certificados', '3', '26'),
  ('606', '2013-02-17 11:07:32', '1', 'Realizó impresión individual de certificados', '12', '27'),
  ('607', '2013-02-17 11:08:42', '1', 'Imprimió certificado de muestra', NULL, '25'),
  ('608', '2013-02-17 11:09:45', '1', 'Imprimió certificado de muestra', NULL, '25'),
  ('609', '2013-02-17 11:16:25', NULL, 'El usuario admin intenta iniciar sesión', NULL, '3'),
  ('610', '2013-02-17 11:16:25', '1', 'Inicia sesión', NULL, '4'),
  ('611', '2013-02-17 11:21:16', '1', 'Actualiza el evento Barcamp 2013', '12', '7'),
  ('612', '2013-02-17 11:21:22', '1', 'Realizó impresión individual de certificados', '12', '27'),
  ('613', '2013-02-17 11:23:13', '1', 'Realizó impresión individual de certificados', '12', '27'),
  ('614', '2013-02-17 11:23:29', '1', 'Realizó impresión individual de certificados', '12', '27'),
  ('615', '2013-02-17 11:25:17', '1', 'Realizó impresión individual de certificados', '12', '27'),
  ('616', '2013-02-17 11:26:18', '1', 'Realizó impresión individual de certificados', '12', '27'),
  ('617', '2013-02-17 11:27:19', '1', 'Realizó impresión individual de certificados', '12', '27'),
  ('618', '2013-02-17 11:27:29', '1', 'Realizó impresión individual de certificados', '12', '27'),
  ('619', '2013-02-17 11:27:41', '1', 'Realizó impresión individual de certificados', '12', '27'),
  ('620', '2013-02-17 11:28:47', '1', 'Realizó impresión individual de certificados', '12', '27'),
  ('621', '2013-02-17 11:32:23', '1', 'Realizó impresión individual de certificados', '12', '27'),
  ('622', '2013-02-17 11:34:13', '1', 'Realizó impresión individual de certificados', '12', '27'),
  ('623', '2013-02-17 11:35:45', '1', 'Realizó impresión individual de certificados', '12', '27'),
  ('624', '2013-02-17 11:37:09', '1', 'Realizó impresión individual de certificados', '12', '27'),
  ('625', '2013-02-17 11:38:24', '1', 'Realizó impresión individual de certificados', '12', '27'),
  ('626', '2013-02-17 11:39:01', '1', 'Realizó impresión individual de certificados', '12', '27'),
  ('627', '2013-02-17 11:39:53', '1', 'Realizó impresión individual de certificados', '12', '27'),
  ('628', '2013-02-17 11:42:02', '1', 'Realizó impresión individual de certificados', '12', '27'),
  ('629', '2013-02-17 11:43:06', '1', 'Ha finalizado el evento', '12', '16'),
  ('630', '2013-02-17 11:43:23', '7', 'Realizó impresión individual de certificados', '12', '27'),
  ('631', '2013-02-17 11:43:51', '7', 'Realizó impresión individual de certificados', '12', '27'),
  ('632', '2013-02-17 11:44:11', '1', 'Realizó impresión individual de certificados', '12', '27'),
  ('633', '2013-02-17 11:44:23', '1', 'Actualiza el evento Barcamp 2013', '12', '7'),
  ('634', '2013-02-17 11:44:28', '1', 'Realizó impresión masiva de certificados', '12', '26'),
  ('635', '2013-02-17 11:45:48', '1', 'Realizó impresión masiva de certificados', '12', '26'),
  ('636', '2013-02-17 11:46:34', '7', 'Realizó impresión individual de certificados', '12', '27'),
  ('637', '2013-02-17 11:46:47', '7', 'Realizó impresión individual de certificados', '12', '27'),
  ('638', '2013-02-17 11:48:13', '1', 'Realizó impresión masiva de certificados', '12', '26'),
  ('639', '2013-02-17 11:49:01', '1', 'Realizó impresión masiva de certificados', '12', '26'),
  ('640', '2013-02-17 11:51:15', '1', 'Realizó impresión masiva de certificados', '12', '26'),
  ('641', '2013-02-17 11:51:28', '1', 'Realizó impresión masiva de certificados', '12', '26'),
  ('642', '2013-02-17 11:52:26', '1', 'Realizó impresión masiva de certificados', '12', '26'),
  ('643', '2013-02-17 11:54:29', '1', 'Realizó impresión masiva de certificados', '12', '26'),
  ('644', '2013-02-17 11:54:58', '1', 'Realizó impresión masiva de certificados', '12', '26'),
  ('645', '2013-02-17 11:56:19', '1', 'Realizó impresión masiva de certificados', '12', '26'),
  ('646', '2013-02-17 11:56:33', '1', 'Realizó impresión individual de certificados', '12', '27'),
  ('647', '2013-02-17 11:56:40', '1', 'Realizó impresión individual de certificados en media hoja', '12', '28'),
  ('648', '2013-02-17 11:58:46', NULL, 'El usuario 1039622772 intenta iniciar sesión', NULL, '3'),
  ('649', '2013-02-17 11:58:46', '35', 'Inicia sesión', NULL, '4'),
  ('650', '2013-02-17 11:59:01', NULL, 'El usuario 1039622772 intenta iniciar sesión', NULL, '3'),
  ('651', '2013-02-17 11:59:01', '35', 'Inicia sesión', NULL, '4'),
  ('652', '2013-02-17 11:59:16', NULL, 'El usuario 1039622772 intenta iniciar sesión', NULL, '3'),
  ('653', '2013-02-17 11:59:16', '35', 'Inicia sesión', NULL, '4'),
  ('654', '2013-02-17 11:59:39', '7', 'Cierra sesión', NULL, '5'),
  ('655', '2013-02-17 11:59:47', NULL, 'El usuario 1039622772 intenta iniciar sesión', NULL, '3'),
  ('656', '2013-02-17 11:59:47', '35', 'Inicia sesión', NULL, '4'),
  ('657', '2013-02-17 12:00:01', '1', 'Ha abierto el evento', '12', '17'),
  ('658', '2013-02-17 12:00:10', '35', 'Se ha registrado al evento', '12', '9'),
  ('659', '2013-02-17 12:00:38', '35', 'Ha asistido al evento', '12', '13'),
  ('660', '2013-02-17 12:00:43', '1', 'Ha finalizado el evento', '12', '16'),
  ('661', '2013-02-17 12:00:51', '1', 'Realizó impresión masiva de certificados', '12', '26'),
  ('662', '2013-02-17 12:01:10', '1', 'Realizó impresión individual de certificados', '12', '27'),
  ('663', '2013-02-17 12:01:19', '1', 'Realizó impresión individual de certificados en media hoja', '12', '28'),
  ('664', '2013-02-17 12:01:48', '35', 'Realizó impresión individual de certificados', '12', '27'),
  ('665', '2013-02-17 12:09:20', '1', 'Cierra sesión', NULL, '5'),
  ('666', '2013-02-17 17:58:50', NULL, 'El usuario 1 intenta iniciar sesión', NULL, '3'),
  ('667', '2013-02-17 17:58:50', '13', 'Inicia sesión', NULL, '4'),
  ('668', '2013-02-17 18:07:05', '13', 'Actualiza el evento Seminario Archivos y Repositorios Digitales', '9', '7'),
  ('669', '2013-02-17 18:07:20', '13', 'Realizó impresión individual de certificados', '9', '27'),
  ('670', '2013-02-17 18:22:33', '13', 'Actualiza el evento Seminario Archivos y Repositorios Digitales', '9', '7'),
  ('671', '2013-02-17 18:22:45', '13', 'Realizó impresión individual de escarapelas', '9', '23'),
  ('672', '2013-02-17 18:22:45', '13', 'Realizó impresión individual de escarapelas', '9', '23'),
  ('673', '2013-02-17 18:23:17', '13', 'Realizó impresión individual de certificados', '9', '27'),
  ('674', '2013-02-17 18:23:45', '13', 'Realizó impresión masiva de escarapelas', '9', '22'),
  ('675', '2013-02-17 18:23:46', '13', 'Realizó impresión masiva de escarapelas', '9', '22'),
  ('676', '2013-02-17 18:25:23', '13', 'Realizó impresión masiva de escarapelas', '9', '22'),
  ('677', '2013-02-17 18:25:23', '13', 'Realizó impresión masiva de escarapelas', '9', '22'),
  ('678', '2013-02-17 18:58:24', NULL, 'El usuario admin intenta iniciar sesión', NULL, '3'),
  ('679', '2013-02-17 18:58:24', '1', 'Inicia sesión', NULL, '4'),
  ('680', '2013-02-17 19:00:15', '1', 'Ha abierto el evento', '12', '17'),
  ('681', '2013-02-17 19:00:24', '1', 'Realizó impresión individual de escarapelas', '12', '23'),
  ('682', '2013-02-17 19:00:31', '1', 'Realizó impresión individual de escarapelas', '12', '23'),
  ('683', '2013-02-17 19:00:45', '1', 'Realizó impresión masiva de escarapelas', '12', '22'),
  ('684', '2013-02-17 19:00:46', '1', 'Realizó impresión masiva de escarapelas', '12', '22'),
  ('685', '2013-02-17 19:00:56', '1', 'Realizó impresión masiva de certificados', '12', '26'),
  ('686', '2013-02-17 19:01:13', '1', 'Realizó impresión individual de certificados', '12', '27'),
  ('687', '2013-02-17 19:01:19', '1', 'Realizó impresión individual de certificados en media hoja', '12', '28'),
  ('688', '2013-02-17 19:18:32', '13', 'Realizó impresión individual de certificados', '9', '27'),
  ('689', '2013-02-17 19:22:20', '13', 'Actualiza el evento Seminario Archivos y Repositorios Digitales', '9', '7'),
  ('690', '2013-02-17 19:22:28', '13', 'Realizó impresión individual de certificados', '9', '27'),
  ('691', '2013-02-17 19:24:32', '1', 'Imprimió una escarapela de muestra', NULL, '21'),
  ('692', '2013-02-17 19:24:38', '1', 'Imprimió certificado de muestra', NULL, '25'),
  ('693', '2013-02-17 19:24:43', '1', 'Imprimió una escarapela de muestra', NULL, '21'),
  ('694', '2013-02-17 19:25:24', '13', 'Se activa la licencia mensual', NULL, '29'),
  ('695', '2013-02-17 19:26:58', '1', 'Cierra sesión', NULL, '5'),
  ('696', '2013-02-17 19:28:58', NULL, 'El usuario jcano intenta iniciar sesión', NULL, '3'),
  ('697', '2013-02-17 19:29:02', NULL, 'El usuario john intenta iniciar sesión', NULL, '3'),
  ('698', '2013-02-17 19:29:06', NULL, 'El usuario j.cano intenta iniciar sesión', NULL, '3'),
  ('699', '2013-02-17 19:33:02', '13', 'Cierra sesión', NULL, '5'),
  ('700', '2013-02-17 19:33:10', '37', 'yefferson mona restrepo se inscribe en la aplicación', NULL, '1'),
  ('701', '2013-02-17 19:33:13', NULL, 'El usuario 1 intenta iniciar sesión', NULL, '3'),
  ('702', '2013-02-17 19:33:13', '13', 'Inicia sesión', NULL, '4'),
  ('703', '2013-02-17 19:33:21', '13', 'Cierra sesión', NULL, '5'),
  ('704', '2013-02-17 19:33:31', NULL, 'El usuario 1 intenta iniciar sesión', NULL, '3'),
  ('705', '2013-02-17 19:33:31', '13', 'Inicia sesión', NULL, '4'),
  ('706', '2013-02-17 19:33:35', '13', 'Cierra sesión', NULL, '5'),
  ('707', '2013-02-17 19:33:43', NULL, 'El usuario 1 intenta iniciar sesión', NULL, '3'),
  ('708', '2013-02-17 19:33:43', '13', 'Inicia sesión', NULL, '4'),
  ('709', '2013-02-17 19:33:47', '13', 'Cierra sesión', NULL, '5'),
  ('710', '2013-02-17 19:33:54', NULL, 'El usuario 1 intenta iniciar sesión', NULL, '3'),
  ('711', '2013-02-17 19:33:54', '13', 'Inicia sesión', NULL, '4'),
  ('712', '2013-02-17 19:36:02', '37', 'Cierra sesión', NULL, '5'),
  ('713', '2013-02-17 19:36:12', NULL, 'El usuario yerry intenta iniciar sesión', NULL, '3'),
  ('714', '2013-02-17 19:36:12', '37', 'Inicia sesión', NULL, '4'),
  ('715', '2013-02-17 19:36:15', '37', 'Cierra sesión', NULL, '5'),
  ('716', '2013-02-17 19:37:29', NULL, 'El usuario yerry intenta iniciar sesión', NULL, '3'),
  ('717', '2013-02-17 19:37:29', '37', 'Inicia sesión', NULL, '4'),
  ('718', '2013-02-17 19:37:33', '37', 'Cierra sesión', NULL, '5'),
  ('719', '2013-02-17 19:38:02', NULL, 'El usuario yerry intenta iniciar sesión', NULL, '3'),
  ('720', '2013-02-17 19:38:02', '37', 'Inicia sesión', NULL, '4'),
  ('721', '2013-02-17 19:56:15', '13', 'Actualiza el evento Seminario Archivos y Repositorios Digitales', '9', '7'),
  ('722', '2013-02-17 19:56:32', '13', 'Realizó impresión individual de certificados', '9', '27'),
  ('723', '2013-02-17 20:11:49', '13', 'Actualiza el evento Seminario Archivos y Repositorios Digitales', '9', '7'),
  ('724', '2013-02-17 20:12:21', '13', 'Realizó impresión individual de certificados', '9', '27'),
  ('725', '2013-02-17 22:20:49', NULL, 'El usuario admin intenta iniciar sesión', NULL, '3'),
  ('726', '2013-02-17 22:20:49', '1', 'Inicia sesión', NULL, '4'),
  ('727', '2013-02-18 08:06:54', NULL, 'El usuario bmorales intenta iniciar sesión', NULL, '3'),
  ('728', '2013-02-18 08:06:55', '4', 'Inicia sesión', NULL, '4'),
  ('729', '2013-02-18 08:28:31', '4', 'Cierra sesión', NULL, '5'),
  ('730', '2013-02-18 08:28:41', NULL, 'El usuario bmorales intenta iniciar sesión', NULL, '3'),
  ('731', '2013-02-18 08:28:41', '4', 'Inicia sesión', NULL, '4'),
  ('732', '2013-02-18 08:28:42', '4', 'Cierra sesión', NULL, '5'),
  ('733', '2013-02-18 08:43:27', NULL, 'El usuario admin intenta iniciar sesión', NULL, '3'),
  ('734', '2013-02-18 08:43:31', NULL, 'El usuario admin intenta iniciar sesión', NULL, '3'),
  ('735', '2013-02-18 08:43:31', '1', 'Inicia sesión', NULL, '4'),
  ('736', '2013-02-18 08:43:54', '1', 'Imprimió una escarapela de muestra', NULL, '21'),
  ('737', '2013-02-18 08:43:59', '1', 'Imprimió certificado de muestra', NULL, '25'),
  ('738', '2013-02-18 08:46:11', '1', 'Cierra sesión', NULL, '5'),
  ('739', '2013-02-18 08:46:15', NULL, 'El usuario admin intenta iniciar sesión', NULL, '3'),
  ('740', '2013-02-18 08:46:15', '1', 'Inicia sesión', NULL, '4'),
  ('741', '2013-02-18 08:47:16', '1', 'Cierra sesión', NULL, '5'),
  ('742', '2013-02-18 08:47:19', NULL, 'El usuario admin intenta iniciar sesión', NULL, '3'),
  ('743', '2013-02-18 08:47:19', '1', 'Inicia sesión', NULL, '4'),
  ('744', '2013-02-18 08:47:50', '1', 'Se activa la licencia mensual', NULL, '29'),
  ('745', '2013-02-18 11:29:42', '1', 'Cierra sesión', NULL, '5'),
  ('746', '2013-02-18 12:54:32', NULL, 'El usuario admin intenta iniciar sesión', NULL, '3'),
  ('747', '2013-02-18 12:54:32', '1', 'Inicia sesión', NULL, '4'),
  ('748', '2013-02-18 16:10:23', '1', 'Cierra sesión', NULL, '5'),
  ('749', '2013-02-18 16:10:28', NULL, 'El usuario admin intenta iniciar sesión', NULL, '3'),
  ('750', '2013-02-18 16:10:28', '1', 'Inicia sesión', NULL, '4'),
  ('751', '2013-02-18 21:11:16', NULL, 'El usuario admin intenta iniciar sesión', NULL, '3'),
  ('752', '2013-02-18 21:11:16', '1', 'Inicia sesión', NULL, '4'),
  ('753', '2013-02-18 21:11:40', '1', 'Imprimió una escarapela de muestra', NULL, '21'),
  ('754', '2013-02-18 21:11:44', '1', 'Imprimió certificado de muestra', NULL, '25'),
  ('755', '2013-02-18 21:11:47', '1', 'Imprimió certificado de muestra', NULL, '25'),
  ('756', '2013-02-18 21:11:57', '1', 'Realizó impresión masiva de escarapelas', '12', '22'),
  ('757', '2013-02-18 21:11:58', '1', 'Realizó impresión masiva de escarapelas', '12', '22'),
  ('758', '2013-02-18 21:17:08', '1', 'Imprimió una escarapela de muestra', NULL, '21'),
  ('759', '2013-02-18 21:17:11', '1', 'Imprimió certificado de muestra', NULL, '25'),
  ('760', '2013-02-19 07:57:30', NULL, 'El usuario 1 intenta iniciar sesión', NULL, '3'),
  ('761', '2013-02-19 07:57:30', '13', 'Inicia sesión', NULL, '4'),
  ('762', '2013-02-19 07:57:36', '13', 'Imprimió una escarapela de muestra', NULL, '21'),
  ('763', '2013-02-19 07:57:42', '13', 'Imprimió certificado de muestra', NULL, '25'),
  ('764', '2013-02-19 07:59:42', '13', 'Realizó impresión masiva de escarapelas', '9', '22'),
  ('765', '2013-02-19 08:00:13', '13', 'Realizó impresión individual de certificados', '9', '27'),
  ('766', '2013-02-19 08:50:42', '1', 'Imprimió certificado de muestra', NULL, '25'),
  ('767', '2013-02-19 08:50:44', '1', 'Imprimió una escarapela de muestra', NULL, '21'),
  ('768', '2013-02-19 08:54:21', '1', 'Se ha registrado nuevamente al evento', '5', '12'),
  ('769', '2013-02-19 08:54:25', '1', 'Se ha registrado nuevamente al evento', '1', '12'),
  ('770', '2013-02-19 08:54:33', '1', 'Cierra sesión', NULL, '5'),
  ('771', '2013-02-19 11:24:30', '1', 'Cierra sesión', NULL, '5'),
  ('772', '2013-02-19 11:24:34', NULL, 'El usuario admin intenta iniciar sesión', NULL, '3'),
  ('773', '2013-02-19 11:24:34', '1', 'Inicia sesión', NULL, '4'),
  ('774', '2013-02-19 11:24:39', '1', 'Cierra sesión', NULL, '5'),
  ('775', '2013-02-19 11:24:43', NULL, 'El usuario 1 intenta iniciar sesión', NULL, '3'),
  ('776', '2013-02-19 11:24:43', '13', 'Inicia sesión', NULL, '4'),
  ('777', '2013-02-19 11:26:20', '13', 'Cierra sesión', NULL, '5'),
  ('778', '2013-02-19 11:26:22', NULL, 'El usuario 1 intenta iniciar sesión', NULL, '3'),
  ('779', '2013-02-19 11:26:22', '13', 'Inicia sesión', NULL, '4'),
  ('780', '2013-02-19 11:29:09', '13', 'Imprimió una escarapela de muestra', NULL, '21'),
  ('781', '2013-02-19 11:29:12', '13', 'Imprimió una escarapela de muestra', NULL, '21'),
  ('782', '2013-02-19 11:29:15', '13', 'Imprimió certificado de muestra', NULL, '25'),
  ('783', '2013-02-19 11:29:17', '13', 'Imprimió certificado de muestra', NULL, '25'),
  ('784', '2013-02-19 11:29:20', '13', 'Cierra sesión', NULL, '5'),
  ('785', '2013-02-19 11:29:23', NULL, 'El usuario 1 intenta iniciar sesión', NULL, '3'),
  ('786', '2013-02-19 11:29:23', '13', 'Inicia sesión', NULL, '4'),
  ('787', '2013-02-19 12:02:44', '13', 'Cierra sesión', NULL, '5'),
  ('788', '2013-02-19 12:02:47', NULL, 'El usuario admin intenta iniciar sesión', NULL, '3'),
  ('789', '2013-02-19 12:02:51', NULL, 'El usuario admin intenta iniciar sesión', NULL, '3'),
  ('790', '2013-02-19 12:02:51', '1', 'Inicia sesión', NULL, '4'),
  ('791', '2013-02-19 12:03:10', '1', 'Realizó impresión masiva de escarapelas', '12', '22'),
  ('792', '2013-02-19 12:03:12', '1', 'Realizó impresión masiva de escarapelas', '12', '22'),
  ('793', '2013-02-19 12:03:16', '1', 'Cierra sesión', NULL, '5'),
  ('794', '2013-02-19 12:03:25', NULL, 'El usuario 1 intenta iniciar sesión', NULL, '3'),
  ('795', '2013-02-19 12:03:25', '13', 'Inicia sesión', NULL, '4'),
  ('796', '2013-02-19 12:03:30', '13', 'Realizó impresión masiva de escarapelas', '9', '22'),
  ('797', '2013-02-19 12:03:38', '13', 'Realizó impresión individual de escarapelas', '9', '23'),
  ('798', '2013-02-19 12:03:52', '13', 'Realizó impresión individual de certificados', '9', '27'),
  ('799', '2013-02-19 12:13:11', '13', 'Cierra sesión', NULL, '5'),
  ('800', '2013-02-19 12:13:42', NULL, 'El usuario admin intenta iniciar sesión', NULL, '3'),
  ('801', '2013-02-19 12:13:43', '1', 'Inicia sesión', NULL, '4'),
  ('802', '2013-02-19 12:14:13', '1', 'Cierra sesión', NULL, '5'),
  ('803', '2013-02-19 12:14:17', NULL, 'El usuario 1 intenta iniciar sesión', NULL, '3'),
  ('804', '2013-02-19 12:14:17', '13', 'Inicia sesión', NULL, '4'),
  ('805', '2013-02-19 12:15:27', '13', 'Imprimió una escarapela de muestra', NULL, '21'),
  ('806', '2013-02-19 12:15:36', NULL, 'El usuario 1 intenta iniciar sesión', NULL, '3'),
  ('807', '2013-02-19 12:15:36', '13', 'Inicia sesión', NULL, '4'),
  ('808', '2013-02-19 12:34:37', '13', 'Cierra sesión', NULL, '5'),
  ('809', '2013-02-19 12:34:40', NULL, 'El usuario admin intenta iniciar sesión', NULL, '3'),
  ('810', '2013-02-19 12:34:40', '1', 'Inicia sesión', NULL, '4'),
  ('811', '2013-02-19 12:34:47', '1', 'Cierra sesión', NULL, '5'),
  ('812', '2013-02-19 12:34:49', NULL, 'El usuario 1 intenta iniciar sesión', NULL, '3'),
  ('813', '2013-02-19 12:34:49', '13', 'Inicia sesión', NULL, '4'),
  ('814', '2013-02-19 12:37:54', '13', 'Cierra sesión', NULL, '5'),
  ('815', '2013-02-19 12:37:58', NULL, 'El usuario admin intenta iniciar sesión', NULL, '3'),
  ('816', '2013-02-19 12:38:01', NULL, 'El usuario admin intenta iniciar sesión', NULL, '3'),
  ('817', '2013-02-19 12:38:01', '1', 'Inicia sesión', NULL, '4'),
  ('818', '2013-02-19 12:38:57', '1', 'Cierra sesión', NULL, '5'),
  ('819', '2013-02-19 12:38:59', NULL, 'El usuario 1 intenta iniciar sesión', NULL, '3'),
  ('820', '2013-02-19 12:38:59', '13', 'Inicia sesión', NULL, '4'),
  ('821', '2013-02-19 12:39:18', '13', 'Imprimió una escarapela de muestra', NULL, '21'),
  ('822', '2013-02-19 12:39:21', '13', 'Imprimió una escarapela de muestra', NULL, '21'),
  ('823', '2013-02-19 12:39:23', '13', 'Imprimió certificado de muestra', NULL, '25'),
  ('824', '2013-02-19 12:39:26', '13', 'Imprimió certificado de muestra', NULL, '25'),
  ('825', '2013-02-19 12:39:31', '13', 'Cierra sesión', NULL, '5'),
  ('826', '2013-02-19 12:39:34', NULL, 'El usuario admin intenta iniciar sesión', NULL, '3'),
  ('827', '2013-02-19 12:39:34', '1', 'Inicia sesión', NULL, '4'),
  ('828', '2013-02-19 12:41:21', '1', 'Imprimió certificado de muestra', NULL, '25'),
  ('829', '2013-02-19 12:41:24', '1', 'Cierra sesión', NULL, '5'),
  ('830', '2013-02-19 12:41:27', NULL, 'El usuario 1 intenta iniciar sesión', NULL, '3'),
  ('831', '2013-02-19 12:41:27', '13', 'Inicia sesión', NULL, '4'),
  ('832', '2013-02-19 12:41:37', '13', 'Realizó impresión individual de certificados', '9', '27'),
  ('833', '2013-02-19 12:41:47', '13', 'Realizó impresión masiva de escarapelas', '9', '22'),
  ('834', '2013-02-19 14:06:56', NULL, 'El usuario 1 intenta iniciar sesión', NULL, '3'),
  ('835', '2013-02-19 14:06:56', '13', 'Inicia sesión', NULL, '4'),
  ('836', '2013-02-19 14:07:08', '13', 'Imprimió una escarapela de muestra', NULL, '21'),
  ('837', '2013-02-19 14:07:09', '13', 'Imprimió una escarapela de muestra', NULL, '21'),
  ('838', '2013-02-19 14:54:58', NULL, 'El usuario admin intenta iniciar sesión', NULL, '3'),
  ('839', '2013-02-19 14:54:58', '1', 'Inicia sesión', NULL, '4'),
  ('840', '2013-02-19 15:24:17', '1', 'Cierra sesión', NULL, '5'),
  ('841', '2013-02-19 15:24:21', NULL, 'El usuario 1 intenta iniciar sesión', NULL, '3'),
  ('842', '2013-02-19 15:24:25', NULL, 'El usuario 1 intenta iniciar sesión', NULL, '3'),
  ('843', '2013-02-19 15:24:25', '13', 'Inicia sesión', NULL, '4'),
  ('844', '2013-02-19 15:24:32', '13', 'Imprimió una escarapela de muestra', NULL, '21'),
  ('845', '2013-02-19 15:25:53', '13', 'Imprimió una escarapela de muestra', NULL, '21'),
  ('846', '2013-02-19 15:26:08', '13', 'Imprimió certificado de muestra', NULL, '25'),
  ('847', '2013-02-19 15:41:04', '13', 'Cierra sesión', NULL, '5'),
  ('848', '2013-02-19 15:50:43', NULL, 'El usuario 1 intenta iniciar sesión', NULL, '3'),
  ('849', '2013-02-19 15:50:51', NULL, 'El usuario 1 intenta iniciar sesión', NULL, '3'),
  ('850', '2013-02-19 15:50:51', '13', 'Inicia sesión', NULL, '4'),
  ('851', '2013-02-19 15:51:06', '13', 'Realizó impresión individual de certificados', '9', '27'),
  ('852', '2013-02-19 15:52:54', '13', 'Cierra sesión', NULL, '5'),
  ('853', '2013-02-19 21:23:26', NULL, 'El usuario admin intenta iniciar sesión', NULL, '3'),
  ('854', '2013-02-19 21:23:26', '1', 'Inicia sesión', NULL, '4'),
  ('855', '2013-02-19 21:23:48', '1', 'Cierra sesión', NULL, '5'),
  ('856', '2013-02-19 21:23:52', NULL, 'El usuario 1 intenta iniciar sesión', NULL, '3'),
  ('857', '2013-02-19 21:23:52', '13', 'Inicia sesión', NULL, '4'),
  ('858', '2013-02-19 21:24:23', '4', 'Ha asistido al evento', '9', '13'),
  ('859', '2013-02-19 21:24:29', '13', 'Cierra sesión', NULL, '5'),
  ('860', '2013-02-19 21:24:34', NULL, 'El usuario admin intenta iniciar sesión', NULL, '3'),
  ('861', '2013-02-19 21:24:34', '1', 'Inicia sesión', NULL, '4'),
  ('862', '2013-02-19 21:25:58', '13', 'Se activa la licencia mensual', NULL, '29'),
  ('863', '2013-02-19 21:26:15', '1', 'Cierra sesión', NULL, '5'),
  ('864', '2013-02-19 21:26:20', NULL, 'El usuario 1 intenta iniciar sesión', NULL, '3'),
  ('865', '2013-02-19 21:26:20', '13', 'Inicia sesión', NULL, '4'),
  ('866', '2013-02-19 21:35:15', '13', 'Imprimió certificado de muestra', NULL, '25'),
  ('867', '2013-02-19 21:35:18', '13', 'Imprimió una escarapela de muestra', NULL, '21'),
  ('868', '2013-02-19 21:35:22', '13', 'Imprimió certificado de muestra', NULL, '25'),
  ('869', '2013-02-19 21:54:11', '13', 'Realizó impresión individual de escarapelas', '9', '23'),
  ('870', '2013-02-19 21:54:12', '13', 'Realizó impresión individual de escarapelas', '9', '23'),
  ('871', '2013-02-19 21:54:13', '13', 'Realizó impresión individual de escarapelas', '9', '23'),
  ('872', '2013-02-19 21:54:25', '13', 'Realizó impresión individual de escarapelas', '9', '23'),
  ('873', '2013-02-19 21:54:26', '13', 'Realizó impresión individual de escarapelas', '9', '23'),
  ('874', '2013-02-19 21:54:30', '13', 'Realizó impresión masiva de escarapelas', '9', '22'),
  ('875', '2013-02-19 21:54:31', '13', 'Realizó impresión individual de escarapelas', '9', '23'),
  ('876', '2013-02-19 21:54:32', '13', 'Realizó impresión individual de escarapelas', '9', '23'),
  ('877', '2013-02-19 21:56:34', '13', 'Imprimió certificado de muestra', NULL, '25'),
  ('878', '2013-02-19 22:04:51', '13', 'Cierra sesión', NULL, '5'),
  ('879', '2013-02-19 22:04:54', NULL, 'El usuario admin intenta iniciar sesión', NULL, '3'),
  ('880', '2013-02-19 22:04:54', '1', 'Inicia sesión', NULL, '4'),
  ('881', '2013-02-20 00:58:48', NULL, 'El usuario 1 intenta iniciar sesión', NULL, '3'),
  ('882', '2013-02-20 00:58:48', '13', 'Inicia sesión', NULL, '4'),
  ('883', '2013-02-20 00:58:52', '13', 'Imprimió certificado de muestra', NULL, '25'),
  ('884', '2013-02-20 00:59:05', '13', 'Imprimió una escarapela de muestra', NULL, '21'),
  ('885', '2013-02-20 09:36:56', NULL, 'El usuario admin intenta iniciar sesión', NULL, '3'),
  ('886', '2013-02-20 09:36:56', '1', 'Inicia sesión', NULL, '4'),
  ('887', '2013-02-20 09:59:57', '1', 'Imprimió una escarapela de muestra', NULL, '21'),
  ('888', '2013-02-20 12:29:58', NULL, 'El usuario admin intenta iniciar sesión', NULL, '3'),
  ('889', '2013-02-20 12:29:58', '1', 'Inicia sesión', NULL, '4'),
  ('890', '2013-02-20 13:41:57', NULL, 'El usuario bmorales intenta iniciar sesión', NULL, '3'),
  ('891', '2013-02-20 13:41:57', '4', 'Inicia sesión', NULL, '4'),
  ('892', '2013-02-20 13:46:42', '4', 'Cierra sesión', NULL, '5'),
  ('893', '2013-02-20 13:58:36', '1', 'Cierra sesión', NULL, '5');

-- 
-- Structure for table `auditoria_tipo`
-- 

DROP TABLE IF EXISTS `auditoria_tipo`;
CREATE TABLE IF NOT EXISTS `auditoria_tipo` (
  `Pk_Id_Auditoria_Tipo` int(11) NOT NULL AUTO_INCREMENT,
  `Auditoria_Tipo` varchar(65) CHARACTER SET latin1 DEFAULT NULL COMMENT 'Tipo de acción realizada',
  PRIMARY KEY (`Pk_Id_Auditoria_Tipo`)
) ENGINE=InnoDB AUTO_INCREMENT=32 DEFAULT CHARSET=utf8;

-- 
-- Data for table `auditoria_tipo`
-- 

INSERT INTO `auditoria_tipo` (`Pk_Id_Auditoria_Tipo`, `Auditoria_Tipo`) VALUES
  ('1', 'Nueva inscripción'),
  ('2', 'Restablecimiento de contraseña'),
  ('3', 'Intento de inicio de sesión'),
  ('4', 'Inicio de sesión'),
  ('5', 'Cierre de sesión'),
  ('6', 'Creación de un evento'),
  ('7', 'Actualización de un evento'),
  ('8', 'Inscripción de un nuevo participante en el momento del evento'),
  ('9', 'Registro a evento'),
  ('10', 'Envío de invitaciones'),
  ('11', 'Cancelación de registro a un evento'),
  ('12', 'Reingreso a evento'),
  ('13', 'Confirmación de asistencia a evento'),
  ('14', 'Abandono del evento'),
  ('15', 'Reintegro al evento'),
  ('16', 'Evento cerrado'),
  ('17', 'Evento abierto'),
  ('18', 'Registro negativo por falta de cupos'),
  ('19', 'Reingreso negativo por falta de cupos'),
  ('20', 'Creación de evento denegado por límite'),
  ('21', 'Impresión de escarapela de muestra'),
  ('22', 'Impresión masiva de escarapela'),
  ('23', 'Impresión individual de escarapela'),
  ('24', 'Impresión individual de escarapela (media hoja)'),
  ('25', 'Impresión de certificado de muestra'),
  ('26', 'Impresión masiva de certificado'),
  ('27', 'Impresión individual de escarapela'),
  ('28', 'Impresión individual de escarapela (media hoja)'),
  ('29', 'Licencia mensual'),
  ('30', 'Licencia anual'),
  ('31', 'Licencia adicional');

-- 
-- Structure for table `entidades`
-- 

DROP TABLE IF EXISTS `entidades`;
CREATE TABLE IF NOT EXISTS `entidades` (
  `PK_IdEntidad` int(11) NOT NULL AUTO_INCREMENT,
  `Fecha_Creacion` timestamp NULL DEFAULT CURRENT_TIMESTAMP ON UPDATE CURRENT_TIMESTAMP COMMENT 'Fecha de creación de la entidad',
  `CedulaEntidad` bigint(19) DEFAULT NULL COMMENT 'Documento de la entidad, en caso de ser visitante, en este campo se coloca el IDENTIDAD',
  `Nombres` varchar(200) DEFAULT '',
  `Apellidos` varchar(200) DEFAULT '',
  `Email` varchar(200) DEFAULT '',
  `Ciudad` varchar(200) DEFAULT '',
  `Telefono` varchar(50) DEFAULT '',
  `Usuario` varchar(128) DEFAULT '',
  `Clave` varchar(128) DEFAULT '8cb2237d0679ca88db6464eac60da96345513964',
  `Estado` bigint(4) DEFAULT NULL,
  `EventosPermitidos` int(11) DEFAULT NULL COMMENT 'Numero de Eventos que puede crear el Usuario',
  `EventosRegistrados` int(11) DEFAULT '0' COMMENT 'Numero de Eventos que ha realizado',
  `RestablecerClave` varchar(128) DEFAULT NULL,
  `Fk_Id_Licenciamiento` int(11) DEFAULT NULL,
  PRIMARY KEY (`PK_IdEntidad`),
  UNIQUE KEY `PK_Entidades` (`PK_IdEntidad`) USING BTREE
) ENGINE=MyISAM AUTO_INCREMENT=38 DEFAULT CHARSET=utf8;

-- 
-- Data for table `entidades`
-- 

INSERT INTO `entidades` (`PK_IdEntidad`, `Fecha_Creacion`, `CedulaEntidad`, `Nombres`, `Apellidos`, `Email`, `Ciudad`, `Telefono`, `Usuario`, `Clave`, `Estado`, `EventosPermitidos`, `EventosRegistrados`, `RestablecerClave`, `Fk_Id_Licenciamiento`) VALUES
  ('1', '2013-02-17 10:21:40', '1017177502', 'Administrador', 'Event Green', 'johnarleycano@hotmail.com', '', '', 'admin', '827ccb0eea8a706c4c34a16891f84e7b', '1', '122', '8', 'qS09klR3M1HesI5AsmCYNCsp5OhhvJCKQswfKp0+gGNzZT2mxQZE26UwetmUzEE5Wgn/4NTfC9yx2TMevnxmtQ==', NULL),
  ('2', '2013-01-21 13:30:49', '8127266', 'Jose Luis', 'Orozco Mejia', 'handark@gmail.com', '', '4122121', 'handark', '6d9c7d442ca4a4f02b838c6779744cce', '1', '2', '1', 'eY+JppA3BBwpOyqLIF1m40V9o9mv2vUcDX3NjKo1MuiMAnCJIPdGVxUrF5t3v/EaSiHym2D/ylF+6ZnhCH+ygw==', NULL),
  ('3', '2013-01-21 21:22:36', '96070416724', 'anderson', 'restrepo', 'anjuresa@hotmail.com', '', '3203690300', 'ander2204', '56c1c3b23d40b5ddfc63e8c6fd332a3a', '1', '2', '1', 'rJr70FIoX9xV5+LsobVt1tIksUNEKgaCjNI3OvJjom/kBnX3VNfJx2yUzMW+Ya+rf3FUdxRHo2d09AAnJvkSUA==', NULL),
  ('4', '2013-01-23 08:49:58', '70566989', 'Bernardo', 'Morales Velez', 'gcomercial@sumaservicios.com', '', '', 'bmorales', '827ccb0eea8a706c4c34a16891f84e7b', '1', '2', '1', 'RQs/Uz7ahJ7koO6srItZjClmiWBJDqAwngoTWMaLEQK27t0eB1krYrshUjvqc5rJo/EupBQ1N/YrpYIRNc46FQ==', NULL),
  ('5', '2013-01-23 08:54:34', '8127266', 'Jose Luis', 'Orozco', 'desarrollo@sumaservicios.com', '', '5812405', 'desarrollo', 'd292580df2f644d89b0fc5c29e3ee2c0', '1', '2', '0', 'K6YKLT/B4PTFjAlDTzoii28290sMkfky69V60KjbxoBhY6jSJ9w5e6SOu20GFT9tqplv6Xts6yigtJ05VTHPvQ==', NULL),
  ('6', '2013-01-23 09:05:50', '8127266', 'Jose Luis', 'Orozco', 'sistemas@escolme.edu.co', '', '323232', 'sistemas', 'd292580df2f644d89b0fc5c29e3ee2c0', '1', '2', '0', 'ce9dJJhu4gb9NlE4jGC8wIVjLqDg+WkEsjHrNImhFEp61bxrbo3gC9z7aB/Tss+qjhy/GqWlDecs4WrXLfHiDw==', NULL),
  ('7', '2013-01-23 16:32:51', '1039622772', 'oscar humberto', 'morales garcia', 'oscar-m88@hotmail.com', '', '', 'oscar', '827ccb0eea8a706c4c34a16891f84e7b', '1', '2', '1', 'ZpvAXgNQgbUycAzw2hRe0odP7+CU/bmxAtkBuGSnXZT8fYu3y2Gn81K9pPsRSigWV4nrqJfVTO2fxbrFETs9HQ==', NULL),
  ('8', '2013-01-23 17:00:48', '123456789', 'rosalba', 'Jaramillo', 'rosa@a.com', '', '', 'rosalba', '827ccb0eea8a706c4c34a16891f84e7b', '1', '2', '1', 'VOlybe8fwPcem1glK20O7btXyyVa1RfwRdtiaGWrxfs/PVv/RIl/zolj7BjwaXCZiW5vEc/G5jo0pxc1XkZCuA==', NULL),
  ('9', '2013-01-23 17:05:21', '123456789', 'miguel angelo', 'miranda saldarriaga', 'gabriel@a.com', '', '', 'gabriel', '827ccb0eea8a706c4c34a16891f84e7b', '1', '2', '0', 'MGZj5i7+k3XvUlMtb4rCt4HIMghWTc1RSmlQpQcVtJLjRcFvut+xHJtYVzZdwtBkJF/aKUki2pUWgAbrCNHO1w==', NULL),
  ('10', '2013-01-23 17:10:05', '3521123', 'miguel', '', 'miguel@a.com', '', '', '3521123', 'f7449c6df1d9860e5288493e67870c55', '1', '2', '0', 'cYHoKuf2FBDFBXO7wpGXcQBTlwN88fJ9EKGD4RvKW4THrAwc+z9zFfCVLC7nUTD7MOQkflvBpCPbmhfoZisD1g==', NULL),
  ('11', '2013-01-24 10:50:30', '1245', 'Gonzalo', 'Pérez', 'johnarleycano@gmail.com', '', '', 'gonzalo', '827ccb0eea8a706c4c34a16891f84e7b', '1', '2', '0', 'LTpGCLAB8kBQjTEjGb9WmjuN9zN65Gsp65ZzDnSEaoUuue7nYIpdPm8dcRyhY0147iQVvvEiyMYIMz8MyMceug==', NULL),
  ('12', '2013-01-25 21:51:56', '43984260', 'Carolina Ortega', '', 'jorozcom@icloud.com', '', '', '43984260', '1cd0a94796d98418ccdbc8633149b583', '1', '2', '0', 'ps11vP96jQLMEcNwZMxh4YznEyqELFM36FhzcxZw4KvGS7JGsN8HRbcvAB7McUoBTYYpelI/Teg7gdvgR4StVw==', NULL),
  ('13', '2013-02-11 11:17:38', '-1', 'Bernardo', 'Morales Vèlez', 'gcomercial2@sumaservicios.com', '', '32323', '1', '827ccb0eea8a706c4c34a16891f84e7b', '1', '2', '1', 'FwptHEieRD4H6zKj51AOdorgpLBnBcK6hEEsLRV4MUU63X9fcpzPmDuYDci2Ku+KT4NhiouM1HULU20iO0b3wg==', NULL),
  ('14', '2013-02-11 11:07:58', '2', 'Jose Luis', 'Orozco mejia', 'gcomercial3@sumaservicios.com', '', '34324', '2', '827ccb0eea8a706c4c34a16891f84e7b', '1', '2', '0', 'FK3fg3k6YClnqnZ/nCSlJARk0AxQjgmzrNG5o5bGBHRZhbY2EkNGAL+V8rIb1ypKrUyrR0xdEyA8H3W6yPFDng==', NULL),
  ('15', '2013-02-11 11:23:44', '3', 'Alberto', 'Casas santamaria', 'gcomercial4@sumaservicios.com', '', '32343', '3', '827ccb0eea8a706c4c34a16891f84e7b', '1', '2', '0', 'VHYZeX97wmBJhg87VbHiToTiyxb8qqViZYgF6IsthiqrkhjYu4enKdlMjNIsB+ApCeCJ5YJummYyqBQziVg3gA==', NULL),
  ('16', '2013-02-11 11:24:42', '4', 'Sandra', 'Holguin', 'gcomercial6@sumaservicios.com', '', '23423', '5', '827ccb0eea8a706c4c34a16891f84e7b', '1', '2', '0', 'ZspH8k4CvsxGorIYyj2d3+xkXzydSmwP0jJaxAP86mRw6o65zTgfyo6O3Z6X2AHLVoxRUZ1CD1WwXfDY0fV1ww==', NULL),
  ('17', '2013-02-11 11:37:32', '6', 'John', 'Orozco Mejia', 'bmoralesvelez@gmail.com', '', '4543534', '6', '827ccb0eea8a706c4c34a16891f84e7b', '1', '2', '0', 'cx1zFhw0Eac/pMtic929k+HqVnMAEV8cJVMG8kpP6zayZtj/J1tI38NPj7IbiXQHFkONq3bvdW+6Rg0GdMlPvQ==', NULL),
  ('18', '2013-02-11 11:43:50', '70566989', 'Carlos Alberto Perez', '', 'gcomercial21@sumaservicios.com', '', '', '70566989', '8b912e2ee7e2c57e4f370937de315001', '1', '2', '0', 'Rt1d/E5m8SsejAoBlfHx3x9Te3BMaiG6NUVIUscvcbPwyYHNkvG9v+NWUWOsNBK79HR51G+tx7Lra3N+e2xWDg==', NULL),
  ('19', '2013-02-12 19:12:23', '8127123', 'jose', 'Orozco', 'joroco@gmail.com', '', '42424', 'handark1', '827ccb0eea8a706c4c34a16891f84e7b', '1', '2', '0', '/Aauly+kUCIZ3UE/oV3f6q7xkcGsv8YbRN91KV9Y+xXgtXNEbAn0Q7f+6zdUeB4SXJ6TJJBdP3d9kpNs9fpMLg==', NULL),
  ('20', '2013-02-12 19:15:08', '13434', 'eeeee', '', 'joroco2@gmail.com', '', '', '13434', 'e6e8bbe351bf19f963820a96543f25db', '1', '2', '0', 'yZCq2/XDyzuZACUwlZk6WtZ/xqGKFBnFNdSyN6EmB9A7qKQ5ukB6CRhg+2CZ9gU72U7wAcEwZo1cmzUjW5KfIA==', NULL),
  ('35', '2013-02-14 19:06:16', '1039622772', 'oscarg', '', 'oscar880312@gmail.com', '', '', '1039622772', 'b0d169874b4a34ecdeac829c5d020443', '1', '2', '0', 'y7nDd70NbWwrcIlTeRPykpHyuRQlFh0dK0qzJvNj0SwzMA+7GsCZX/zTXlXLOicqQFC6iJWk90mI9OrWb0rV6A==', NULL),
  ('36', '2013-02-16 23:04:27', '111', 'Juan', 'Lopez', 'jlopez@a.com', '', '', '111', '698d51a19d8a121ce581499d7b701668', '1', '2', '0', 'dAOOCb8MvYT4vV5v2jlN29zqWrZgggkCEQXuULotudNe6WoSkk1hEwYghAo0/53m9/ZZZw242vCqGRo/H/S+fw==', NULL),
  ('37', '2013-02-17 19:33:10', '123456789', 'yefferson', 'mona restrepo', 'yefer-301294@hotmail.com', 'Medellin, Antioquia, Colombia', '', 'yerry', '835c6154f326e5cf42419527765c2cdd', '1', '2', '0', 'MHnqcMfPOsom/LO8CjzJmcm0uUjceW5DcgszyJcgfTZeiHY/Rl0Fmc78BDOeWUXg76RL90P9riYnPsec1OSBVA==', NULL);

-- 
-- Structure for table `eventos`
-- 

DROP TABLE IF EXISTS `eventos`;
CREATE TABLE IF NOT EXISTS `eventos` (
  `PK_IdEvento` int(11) NOT NULL AUTO_INCREMENT,
  `NombreEvento` varchar(150) DEFAULT NULL,
  `DescripcionEvento` varchar(2000) DEFAULT NULL,
  `FechaInicio` datetime DEFAULT NULL,
  `FechaFin` datetime DEFAULT NULL,
  `DescripcionUbicacion` varchar(100) DEFAULT NULL,
  `Direccion_Completa` varchar(100) DEFAULT NULL,
  `Escarapela_Evento` varchar(100) DEFAULT NULL COMMENT 'Nombre de la Imagen de Escarapela',
  `Certificado_Evento` varchar(100) DEFAULT NULL COMMENT 'Nombre de la Imagen de Certificado',
  `Banner_Evento` varchar(100) DEFAULT NULL,
  `MaximoParticipantes` decimal(10,0) DEFAULT NULL,
  `Numero_Registrados` decimal(10,0) DEFAULT '0' COMMENT 'Indica el número de los registrados al evento',
  `PK_IdEntidad` int(11) DEFAULT NULL,
  `Ciudad` varchar(200) DEFAULT NULL,
  `Estado` bit(1) DEFAULT b'1' COMMENT 'Estado del evento. 1=Activo 0=Cerrado',
  `PermitirImpresionUsuario` tinyint(1) DEFAULT NULL,
  `FechaCreacion` timestamp NOT NULL DEFAULT CURRENT_TIMESTAMP,
  `ImpresionCertificadoHorizontal` tinyint(1) DEFAULT '0',
  `ImpresionCertificadoVertical` tinyint(1) DEFAULT '0',
  `ImpresionCertificadoMedia` tinyint(1) DEFAULT '0',
  PRIMARY KEY (`PK_IdEvento`)
) ENGINE=MyISAM AUTO_INCREMENT=13 DEFAULT CHARSET=utf8;

-- 
-- Data for table `eventos`
-- 

INSERT INTO `eventos` (`PK_IdEvento`, `NombreEvento`, `DescripcionEvento`, `FechaInicio`, `FechaFin`, `DescripcionUbicacion`, `Direccion_Completa`, `Escarapela_Evento`, `Certificado_Evento`, `Banner_Evento`, `MaximoParticipantes`, `Numero_Registrados`, `PK_IdEntidad`, `Ciudad`, `Estado`, `PermitirImpresionUsuario`, `FechaCreacion`, `ImpresionCertificadoHorizontal`, `ImpresionCertificadoVertical`, `ImpresionCertificadoMedia`) VALUES
  ('1', 'Lanzamiento Mensajero Digital', 'Lanzamiento de Mensajero digital', '2013-01-25 08:30:00', '2013-01-25 16:30:00', 'Hotel Porton de Oviedo', 'K 38 No 7-23', 'LogoMensajeroDigitalModernoFull.png', NULL, NULL, '50', '1', '2', 'Medellín, Antioquia, Colombia', '1', '0', '0000-00-00 00:00:00', '1', '0', '0'),
  ('2', 'XIII Congreso Panamericano de Riesgos de Lavado de Activos y Financiación del Terrrorismo', '', '2013-01-21 13:48:00', '2013-01-21 14:48:00', '', '', 'escarapela (9x13 cm - 532x768 px).png', 'certificado_grande(18x14cm)(1062x826px).png', 'banner 900x105.png', '12', '2', '1', 'Medellín, Antioquia, Colombia', '1', '1', '0000-00-00 00:00:00', '1', '0', '0'),
  ('3', 'IV Congreso de Acceso a Servicios Financieros, Sistemas y Herramientas de Pago', '', '2013-01-21 14:21:00', '2013-01-21 14:25:00', '', '', NULL, NULL, NULL, '12', '2', '1', '', '1', '0', '0000-00-00 00:00:00', '0', '0', '1'),
  ('4', 'john', '', '2013-01-22 20:10:00', '2014-01-21 16:10:00', '', '', NULL, NULL, NULL, '2098', '0', '1', '', '1', '0', '0000-00-00 00:00:00', '1', '0', '0'),
  ('5', 'culto misionero', 'culto en el cual se llevara a cabo ceremonias bautismales, y como pastor invitado va estar el hermano tiodolindo herrera misionero en jamaica XD', '2013-02-22 17:30:00', '2013-02-22 22:00:00', 'MANRIQUE SANTA INES', 'CRR 4 CLL 5 # 6-7', 'Flowers.jpg', NULL, NULL, '156', '1', '3', 'Medellin, Antioquia, Colombia', '1', '0', '0000-00-00 00:00:00', '1', '0', '0'),
  ('6', 'Convencion', 'La imagen corporativa es  una herramienta estratégica para garantizar la unidad de la identidad visual de nuestra Corporación y es por esta razón que es esencial custodiar todos y', '2013-02-23 08:46:00', '2013-02-23 08:46:00', 'Hotel Dann Carlton', 'cra 21 con 48 - 30', 'Escarapela.fw.png', 'Certificado.fw.png', 'banner.fw.png', '2', '2', '4', 'Medellin, Antioquia, Colombia', '1', '0', '0000-00-00 00:00:00', '1', '0', '0'),
  ('7', 'evento oscar Flisol', 'El Festival Latinoamericano de Instalación de Software Libre (FLISoL) es el evento de difusión de Software Libre más grande en Latinoamérica. Se realiza desde el año 2005 y desde el 2008 se adoptó su realización el 4to Sábado de abril de cada año.', '2013-02-28 16:25:00', '2013-02-28 18:25:00', 'Plaza mayor', 'calle 67 # 45 - 89', 'headbox2012.png', 'headbox2012.png', 'headbox2012.png', '4', '2', '7', 'Medellin, Antioquia, Colombia', '0', '1', '0000-00-00 00:00:00', '1', '0', '0'),
  ('8', 'Evento rosalba 1', 'Este espacio está creado pensando en todos aquellos campuseros que quieran compartir con el resto de sus compañeros todo aquello que han aprendido y en lo que han estado trabajando en los últimos años. Es un lugar en donde se crea un ambiente colaborativo y abierto; en el que, discusiones, demostraciones y la interacción son los protagonistas. Cualquier campusero inscrito que quiera participar es bienvenido a unirse.', '2013-04-23 07:00:00', '2013-04-23 17:00:00', 'parque gaitan', 'calle 45 # 56a - 89', 'descarga.jpg', 'descarga.jpg', 'descarga.jpg', '5', '0', '8', 'Bogota, Bogota D.C., Colombia', '1', '1', '0000-00-00 00:00:00', '1', '0', '0'),
  ('9', 'Seminario Archivos y Repositorios Digitales', 'JUSTIFICACIÓN:Su empresa o usted aún considera que el archivo o el centro de administración documental, son solohojas físicas, el mundo cambia, los archivos digitales son cada vez mayores, prepárese y esteal día con la tecnología.Esta conferencia es para usted.OBJETIVOS ESPECÍFICOS:Capacitar a los asistentes en los lineamientos y requerimientos básicos para administrar un Centro de Administración Documental digital.¿Qué es un repositorio digital?, ¿qué tipo de archivos y/o documentos se pueden guardar en un repositorio digital? ¿Cómo se puede gestionar y localizar con eficiencia la información de un repositorio digital? ¿Cómo garantizar la autenticidad y fiabilidad de los documentos?Presentar a ustedes las particularidades que deben cumplirse para sistematizar el Centro de Administración Documental.COSTO DEL SEMINARIO:Estudiantes: $. 80.000Público en general: $ 130.000Consignar en cuenta Ahorros Bancolombia N° 61152289820 Titular de la cuenta: AFIANZAMIENTO SOLIDARIO. Enviar consignacióna gcomercial@sumaservicios.com', '2013-03-19 08:00:00', '2013-03-20 17:00:00', 'Auditorio Fernando Molina', 'Institución Universitaria ESCOLME Calle 40 nro 30  51 Plazita de Flores.', 'Escarapela.fw.png', 'Sin título-1.fw.png', 'banner.fw.png', '3', '3', '13', 'Medellin, Antioquia, Colombia', '1', '1', '0000-00-00 00:00:00', '1', '0', '0'),
  ('10', 'San valentin 2013', 'El 14 de febrero es el día internacional del amor, San Valentín. En esta fecha tan especial los enamorados preparan regalos, notas y sorpresas para sus parejas, si aún no tienes el regalo para la tuya, escoge un destino, consulta los vuelos baratos y soprendela de la mejor manera!', '2013-03-25 16:53:00', '2013-03-28 21:53:00', 'medellin parque explora', 'calle 50 # 20 - 15', 'fondo_certificado.PNG', 'fondo_certificado.PNG', 'fondo_certificado.PNG', '4', '0', '1', 'Medellin, Antioquia, Colombia', '1', '1', '2013-02-17 09:58:44', '1', '0', '0'),
  ('11', 'San valentin 2013', 'El 14 de febrero es el día internacional del amor, San Valentín. En esta fecha tan especial los enamorados preparan regalos, notas y sorpresas para sus parejas, si aún no tienes el regalo para la tuya, escoge un destino, consulta los vuelos baratos y soprendela de la mejor manera!', '2013-03-25 16:53:00', '2013-03-28 21:53:00', 'medellin parque explora', 'calle 50 # 20 - 15', 'certificado grande (26x18 cm - 1563x1063 px).png', 'certificado grande (26x18 cm - 1563x1063 px).png', 'certificado grande (26x18 cm - 1563x1063 px).png', '4', '0', '1', 'Medellin, Antioquia, Colombia', '1', '0', '2013-02-17 10:01:20', '1', '0', '0'),
  ('12', 'Barcamp 2013', 'promulgacion de software libre en medellin', '2013-02-17 16:21:00', '2013-02-17 17:21:00', 'medellin', 'calle 50 # 20 - 15', 'certificado grande (26x18 cm - 1563x1063 px).png', 'Sin título.png', 'certificado grande (26x18 cm - 1563x1063 px).png', '4', '2', '1', 'Medellin, Antioquia, Colombia', '1', '1', '2013-02-17 10:21:39', '0', '0', '1');

-- 
-- Structure for table `invitaciones`
-- 

DROP TABLE IF EXISTS `invitaciones`;
CREATE TABLE IF NOT EXISTS `invitaciones` (
  `PK_IdInvitacion` int(11) NOT NULL AUTO_INCREMENT,
  `Correo` varchar(200) DEFAULT NULL,
  `FK_IdEvento` int(11) NOT NULL,
  PRIMARY KEY (`PK_IdInvitacion`)
) ENGINE=MyISAM AUTO_INCREMENT=47 DEFAULT CHARSET=utf8;

-- 
-- Data for table `invitaciones`
-- 

INSERT INTO `invitaciones` (`PK_IdInvitacion`, `Correo`, `FK_IdEvento`) VALUES
  ('1', 'johnarleycano@hotmail.com', '1'),
  ('2', 'johnarleycano@hotmail.com', '2'),
  ('3', 'anjuresa@hotmail.com\r\njohnarleycano@hotmail.com', '5'),
  ('4', 'johnarleycano@hotmail.com', '5'),
  ('5', 'anjuresa@hotmail.com', '5'),
  ('6', 'anjuresa@hotmail.com', '3'),
  ('7', 'johnarleycano@gmail.com', '3'),
  ('8', 'johnarleycano@gmail.com', '2'),
  ('9', 'anjuresa@hotmail.com', '2'),
  ('10', 'desarrollo@sumaservicios.com', '6'),
  ('11', 'sistemas@escolme.edu.co', '6'),
  ('12', 'rosa@a.com', '7'),
  ('13', 'gabriel@a.com', '7'),
  ('14', 'miguel@a.com', '7'),
  ('15', 'gabriel@a.com', '8'),
  ('16', 'miguel@a.com', '8'),
  ('17', 'miguel@a.com', '7'),
  ('18', 'jorozcom@icloud.com', '6'),
  ('19', 'gcomercial@sumaservicios.com', '9'),
  ('20', 'gcomercial2@sumaservicios.com', '9'),
  ('21', 'gcomercial3@sumaservicios.com', '9'),
  ('22', 'gcomercial4@sumaservicios.com', '9'),
  ('23', 'gcomercial5@sumaservicios.com', '9'),
  ('24', 'gcomercial6@sumaservicios.com', '9'),
  ('25', 'bmoralesvelez@gmail.com', '9'),
  ('26', 'gcomercial21@sumaservicios.com', '9'),
  ('27', 'joroco@gmail.com', '9'),
  ('28', 'joroco2@gmail.com', '9'),
  ('29', 'a@cndd.com', '3'),
  ('43', 'oscar880312@gmail.com', '3'),
  ('44', 'jlopez@a.com', '3'),
  ('45', 'oscar-m88@hotmail.com', '12'),
  ('46', 'oscar880312@gmail.com', '12');

-- 
-- Structure for table `licenciamiento`
-- 

DROP TABLE IF EXISTS `licenciamiento`;
CREATE TABLE IF NOT EXISTS `licenciamiento` (
  `Pk_Id_Licencia` int(11) NOT NULL AUTO_INCREMENT,
  `Fk_Id_Entidad` int(11) DEFAULT NULL,
  `Tipo_Licencia` int(11) DEFAULT NULL COMMENT '360: Anual; 30: Mensual; NULL: Gratuita',
  `Fecha_Inicio` timestamp NOT NULL DEFAULT CURRENT_TIMESTAMP,
  `Valor` decimal(10,0) DEFAULT '0',
  PRIMARY KEY (`Pk_Id_Licencia`)
) ENGINE=InnoDB AUTO_INCREMENT=12 DEFAULT CHARSET=latin1;

-- 
-- Data for table `licenciamiento`
-- 

INSERT INTO `licenciamiento` (`Pk_Id_Licencia`, `Fk_Id_Entidad`, `Tipo_Licencia`, `Fecha_Inicio`, `Valor`) VALUES
  ('11', '4', NULL, '2013-02-20 00:00:00', '0');

-- 
-- Structure for table `participanteevento`
-- 

DROP TABLE IF EXISTS `participanteevento`;
CREATE TABLE IF NOT EXISTS `participanteevento` (
  `PK_IdParticipanteEvento` int(11) NOT NULL AUTO_INCREMENT,
  `FK_IdEntidad` int(11) DEFAULT NULL,
  `FK_IdEvento` int(11) DEFAULT NULL,
  `Estado` bigint(20) DEFAULT NULL COMMENT 'Indica si asistó o no al evento. 0=Invitado; 1=Registrado; 2=Asistio; 3=Desertado;  4=Registro Cancelado; 5=Evento finalizado; 6=Evento Ignorado',
  `Fk_IdInvitacion` int(11) NOT NULL,
  PRIMARY KEY (`PK_IdParticipanteEvento`)
) ENGINE=MyISAM AUTO_INCREMENT=36 DEFAULT CHARSET=utf8;

-- 
-- Data for table `participanteevento`
-- 

INSERT INTO `participanteevento` (`PK_IdParticipanteEvento`, `FK_IdEntidad`, `FK_IdEvento`, `Estado`, `Fk_IdInvitacion`) VALUES
  ('1', '1', '1', '1', '1'),
  ('2', '1', '2', '3', '2'),
  ('3', '1', '5', '1', '4'),
  ('4', '3', '2', '2', '9'),
  ('5', '3', '3', '3', '6'),
  ('6', '3', '3', '3', '6'),
  ('7', '5', '6', '3', '10'),
  ('8', '6', '6', '2', '11'),
  ('9', '8', '7', '5', '12'),
  ('10', '9', '7', '5', '13'),
  ('11', '10', '7', '5', '17'),
  ('12', '12', '6', '2', '18'),
  ('13', '13', '9', '2', '20'),
  ('14', '14', '9', '4', '21'),
  ('15', '15', '9', '2', '22'),
  ('16', '18', '9', '3', '26'),
  ('17', '20', '9', '2', '28'),
  ('18', '4', '9', '2', '19'),
  ('19', '22', '3', '2', '30'),
  ('20', '23', '3', '2', '31'),
  ('21', '24', '3', '2', '32'),
  ('22', '25', '3', '2', '33'),
  ('23', '26', '3', '2', '34'),
  ('24', '27', '3', '2', '35'),
  ('25', '28', '3', '2', '36'),
  ('26', '29', '3', '2', '37'),
  ('27', '30', '3', '2', '38'),
  ('28', '31', '3', '2', '39'),
  ('29', '32', '3', '2', '40'),
  ('30', '33', '3', '2', '41'),
  ('31', '34', '3', '2', '42'),
  ('32', '35', '3', '2', '43'),
  ('33', '36', '3', '2', '44'),
  ('34', '7', '12', '2', '45'),
  ('35', '35', '12', '2', '46');

